Date,exchange_rate
2014-01-01,20835.0
2014-01-02,21055.0
2014-01-03,21050.0
2014-01-06,21050.0
2014-01-07,21045.0
2014-01-08,21041.0
2014-01-09,21050.0
2014-01-10,21050.0
2014-01-13,21040.0
2014-01-14,21040.0
2014-01-15,21041.0
2014-01-16,21045.0
2014-01-17,21050.0
2014-01-20,20790.0
2014-01-21,21045.0
2014-01-22,21040.0
2014-01-23,21035.0
2014-01-24,21030.0
2014-01-27,21030.0
2014-01-28,21030.0
2014-01-29,21035.0
2014-01-30,21033.0
2014-01-31,21041.0
2014-02-03,21041.0
2014-02-04,21035.0
2014-02-05,21035.0
2014-02-06,21035.0
2014-02-07,21065.0
2014-02-10,21055.0
2014-02-11,21065.0
2014-02-12,21060.0
2014-02-13,20791.0
2014-02-14,21060.0
2014-02-17,20822.0
2014-02-18,21055.0
2014-02-19,21055.0
2014-02-20,21045.0
2014-02-21,21045.0
2014-02-24,21045.0
2014-02-25,21055.0
2014-02-26,21055.0
2014-02-27,21050.0
2014-02-28,21050.0
2014-03-03,21055.0
2014-03-04,21050.0
2014-03-05,21055.0
2014-03-06,21050.0
2014-03-07,21055.0
2014-03-10,21.05500030517578
2014-03-11,21055.0
2014-03-12,21050.0
2014-03-13,21055.0
2014-03-14,21050.0
2014-03-17,21045.0
2014-03-18,21045.0
2014-03-19,21040.0
2014-03-20,21040.0
2014-03-21,21038.0
2014-03-24,21050.0
2014-03-25,21045.0
2014-03-26,21040.0
2014-03-27,21040.0
2014-03-28,21045.0
2014-03-31,21048.0
2014-04-01,21040.0
2014-04-02,20805.0
2014-04-03,21040.0
2014-04-04,21045.0
2014-04-07,21045.0
2014-04-08,21045.0
2014-04-09,21045.0
2014-04-10,21045.0
2014-04-11,21040.0
2014-04-14,21040.0
2014-04-15,21047.0
2014-04-16,21047.0
2014-04-17,21075.0
2014-04-18,21040.0
2014-04-21,21040.0
2014-04-22,21045.0
2014-04-23,21063.0
2014-04-24,21075.0
2014-04-25,21077.0
2014-04-28,21061.0
2014-04-29,21061.0
2014-04-30,3210.0
2014-05-01,21050.0
2014-05-02,21.0
2014-05-05,21035.0
2014-05-06,21035.0
2014-05-07,21060.0
2014-05-08,21061.0
2014-05-09,21061.0
2014-05-12,21060.0
2014-05-13,21050.0
2014-05-14,21055.0
2014-05-15,21055.0
2014-05-16,21056.0
2014-05-19,21050.0
2014-05-20,21057.0
2014-05-21,21050.0
2014-05-22,21050.0
2014-05-23,21040.0
2014-05-26,20851.0
2014-05-27,21075.0
2014-05-28,21095.0
2014-05-29,21095.0
2014-05-30,21090.0
2014-06-02,21095.0
2014-06-03,21167.0
2014-06-04,21175.0
2014-06-05,21175.0
2014-06-06,21175.0
2014-06-09,21100.0
2014-06-10,21120.0
2014-06-11,21140.0
2014-06-12,21115.0
2014-06-13,21135.0
2014-06-16,21145.0
2014-06-17,21175.0
2014-06-18,21170.0
2014-06-19,21247.0
2014-06-20,21240.0
2014-06-23,21291.0
2014-06-24,21301.0
2014-06-25,21310.0
2014-06-26,21325.0
2014-06-27,21315.0
2014-06-30,21201.0
2014-07-01,21257.0
2014-07-02,21285.0
2014-07-03,21270.0
2014-07-04,20997.0
2014-07-07,21250.0
2014-07-08,21255.0
2014-07-09,21255.0
2014-07-10,21205.0
2014-07-11,21155.0
2014-07-14,21150.0
2014-07-15,21155.0
2014-07-16,21165.0
2014-07-17,21180.0
2014-07-18,21175.0
2014-07-21,21155.0
2014-07-22,21170.0
2014-07-23,21175.0
2014-07-24,21175.0
2014-07-25,21170.0
2014-07-28,21180.0
2014-07-29,21165.0
2014-07-30,21165.0
2014-07-31,3211.0
2014-08-01,21155.0
2014-08-04,21125.0
2014-08-05,21150.0
2014-08-06,20910.0
2014-08-07,20921.0
2014-08-08,20918.0
2014-08-11,20910.0
2014-08-12,20895.0
2014-08-13,20904.0
2014-08-14,20891.0
2014-08-15,20873.0
2014-08-18,20898.0
2014-08-19,20899.0
2014-08-20,20893.0
2014-08-21,20890.0
2014-08-22,20895.0
2014-08-25,20914.0
2014-08-26,20904.0
2014-08-27,20872.0
2014-08-28,20879.0
2014-08-29,20978.0
2014-09-01,20903.0
2014-09-02,20866.0
2014-09-03,20915.0
2014-09-04,21195.0
2014-09-05,20892.0
2014-09-08,21170.0
2014-09-09,20814.0
2014-09-10,20954.0
2014-09-11,20889.0
2014-09-12,20834.0
2014-09-15,20864.0
2014-09-16,20867.0
2014-09-17,21046.0
2014-09-18,20827.0
2014-09-19,20951.0
2014-09-22,20895.0
2014-09-23,20970.0
2014-09-24,21007.0
2014-09-25,20863.0
2014-09-26,21003.0
2014-09-29,20901.0
2014-09-30,20850.0
2014-10-01,20888.0
2014-10-02,20937.0
2014-10-03,21139.0
2014-10-06,20788.0
2014-10-07,20843.0
2014-10-08,20944.0
2014-10-09,21021.0
2014-10-10,20972.0
2014-10-13,20803.0
2014-10-14,20899.0
2014-10-15,20630.0
2014-10-16,20829.0
2014-10-17,20929.0
2014-10-20,20943.0
2014-10-21,21019.0
2014-10-22,20899.0
2014-10-23,20981.0
2014-10-24,20930.0
2014-10-27,20928.0
2014-10-28,20904.0
2014-10-29,21115.0
2014-10-30,20957.0
2014-10-31,21058.0
2014-11-03,21270.0
2014-11-04,20912.0
2014-11-05,20939.0
2014-11-06,21204.0
2014-11-07,20869.0
2014-11-10,21037.0
2014-11-11,20870.0
2014-11-12,21019.0
2014-11-13,20985.0
2014-11-14,20867.0
2014-11-17,21092.0
2014-11-18,21063.0
2014-11-19,21024.0
2014-11-20,21020.0
2014-11-21,21038.0
2014-11-24,20983.0
2014-11-25,21001.0
2014-11-26,20983.0
2014-11-27,21100.0
2014-11-28,21070.0
2014-12-01,21075.0
2014-12-02,21158.0
2014-12-03,21036.0
2014-12-04,21012.0
2014-12-05,21011.0
2014-12-08,21013.0
2014-12-09,21023.0
2014-12-10,21054.0
2014-12-11,21055.0
2014-12-12,21070.0
2014-12-15,21056.0
2014-12-16,21058.0
2014-12-17,21063.0
2014-12-18,21079.0
2014-12-19,21060.0
2014-12-22,21052.0
2014-12-23,21067.0
2014-12-24,21059.0
2014-12-25,21370.0
2014-12-26,21370.0
2014-12-29,21019.0
2014-12-30,21086.0
2014-12-31,21062.0
2015-01-01,21375.0
2015-01-02,21063.0
2015-01-05,21046.0
2015-01-06,21097.0
2015-01-07,21083.0
2015-01-08,21061.0
2015-01-09,21021.0
2015-01-12,21020.0
2015-01-13,21005.0
2015-01-14,20991.0
2015-01-15,21007.0
2015-01-16,20988.0
2015-01-19,20993.0
2015-01-20,21004.0
2015-01-21,21036.0
2015-01-22,21009.0
2015-01-23,20922.0
2015-01-26,20982.0
2015-01-27,20981.0
2015-01-28,20988.0
2015-01-29,20996.0
2015-01-30,21074.0
2015-02-02,20991.0
2015-02-03,20973.0
2015-02-04,21058.0
2015-02-05,20979.0
2015-02-06,20978.0
2015-02-09,20961.0
2015-02-10,20970.0
2015-02-11,20968.0
2015-02-12,20943.0
2015-02-13,20986.0
2015-02-16,20979.0
2015-02-17,21300.0
2015-02-18,20972.0
2015-02-19,20987.0
2015-02-20,20957.0
2015-02-23,20975.0
2015-02-24,20978.0
2015-02-25,21011.0
2015-02-26,21018.0
2015-02-27,20984.0
2015-03-02,20989.0
2015-03-03,20987.0
2015-03-04,21004.0
2015-03-05,20994.0
2015-03-06,20968.0
2015-03-09,20982.0
2015-03-10,20978.0
2015-03-11,20974.0
2015-03-12,20996.0
2015-03-13,21003.0
2015-03-16,21089.0
2015-03-17,21066.0
2015-03-18,21113.0
2015-03-19,21142.0
2015-03-20,21078.0
2015-03-23,21149.0
2015-03-24,21168.0
2015-03-25,21475.0
2015-03-26,21144.0
2015-03-27,21154.0
2015-03-30,21161.0
2015-03-31,21186.0
2015-04-01,21188.0
2015-04-02,21115.0
2015-04-03,21575.0
2015-04-06,21565.0
2015-04-07,21229.0
2015-04-08,21241.0
2015-04-09,21220.0
2015-04-10,21217.0
2015-04-13,21221.0
2015-04-14,21228.0
2015-04-15,21217.0
2015-04-16,21121.0
2015-04-17,21234.0
2015-04-20,21196.0
2015-04-21,21555.0
2015-04-22,21555.0
2015-04-23,21550.0
2015-04-24,21565.0
2015-04-27,21570.0
2015-04-28,21575.0
2015-04-29,21575.0
2015-04-30,21575.0
2015-05-01,21575.0
2015-05-04,21595.0
2015-05-05,21610.0
2015-05-06,21620.0
2015-05-07,21645.0
2015-05-08,21650.0
2015-05-11,21660.0
2015-05-12,21680.0
2015-05-13,21700.0
2015-05-14,21735.0
2015-05-15,21700.0
2015-05-18,21765.0
2015-05-19,21770.0
2015-05-20,21790.0
2015-05-21,21785.0
2015-05-22,21770.0
2015-05-25,21795.0
2015-05-26,21800.0
2015-05-27,21780.0
2015-05-28,21785.0
2015-05-29,21785.0
2015-06-01,21790.0
2015-06-02,21790.0
2015-06-03,21790.0
2015-06-04,21790.0
2015-06-05,21785.0
2015-06-08,21790.0
2015-06-09,21790.0
2015-06-10,21775.0
2015-06-11,21770.0
2015-06-12,21770.0
2015-06-15,21775.0
2015-06-16,21775.0
2015-06-17,21785.0
2015-06-18,21785.0
2015-06-19,21780.0
2015-06-22,21780.0
2015-06-23,21780.0
2015-06-24,21790.0
2015-06-25,21780.0
2015-06-26,21790.0
2015-06-29,21790.0
2015-06-30,21785.0
2015-07-01,21780.0
2015-07-02,21780.0
2015-07-03,21780.0
2015-07-06,21785.0
2015-07-07,21474.0
2015-07-08,21443.0
2015-07-09,21440.0
2015-07-10,21428.0
2015-07-13,21420.0
2015-07-14,21431.0
2015-07-15,21445.0
2015-07-16,21436.0
2015-07-17,21443.0
2015-07-20,21424.0
2015-07-21,21449.0
2015-07-22,21456.0
2015-07-23,21453.0
2015-07-24,21457.0
2015-07-27,21443.0
2015-07-28,21450.0
2015-07-29,21476.0
2015-07-30,21449.0
2015-07-31,21465.0
2015-08-03,21451.0
2015-08-04,21445.0
2015-08-05,21371.0
2015-08-06,21452.0
2015-08-07,21445.0
2015-08-10,21444.0
2015-08-11,21469.0
2015-08-12,21663.0
2015-08-13,21722.0
2015-08-14,21859.0
2015-08-17,21740.0
2015-08-18,21734.0
2015-08-19,21858.0
2015-08-20,22051.0
2015-08-21,22155.0
2015-08-24,22184.0
2015-08-25,22175.0
2015-08-26,22192.0
2015-08-27,22123.0
2015-08-28,22107.0
2015-08-31,22129.0
2015-09-01,22146.0
2015-09-02,22150.0
2015-09-03,22332.0
2015-09-04,22115.0
2015-09-07,22111.0
2015-09-08,22113.0
2015-09-09,22117.0
2015-09-10,22128.0
2015-09-11,22123.0
2015-09-14,22146.0
2015-09-15,22147.0
2015-09-16,22150.0
2015-09-17,22152.0
2015-09-18,22116.0
2015-09-21,22118.0
2015-09-22,22112.0
2015-09-23,22123.0
2015-09-24,22125.0
2015-09-25,22145.0
2015-09-28,22122.0
2015-09-29,22135.0
2015-09-30,22105.0
2015-10-01,22112.0
2015-10-02,22123.0
2015-10-05,22118.0
2015-10-06,21996.0
2015-10-07,22048.0
2015-10-08,21855.0
2015-10-09,21871.0
2015-10-12,21996.0
2015-10-13,22048.0
2015-10-14,22033.0
2015-10-15,21980.0
2015-10-16,21907.0
2015-10-19,21948.0
2015-10-20,21987.0
2015-10-21,21964.0
2015-10-22,22393.0
2015-10-23,21963.0
2015-10-26,21969.0
2015-10-27,21961.0
2015-10-28,21970.0
2015-10-29,21973.0
2015-10-30,21961.0
2015-11-02,21948.0
2015-11-03,21948.0
2015-11-04,21933.0
2015-11-05,21968.0
2015-11-06,21991.0
2015-11-09,22112.0
2015-11-10,22031.0
2015-11-11,21955.0
2015-11-12,21832.0
2015-11-13,22048.0
2015-11-16,22081.0
2015-11-17,22141.0
2015-11-18,22076.0
2015-11-19,22100.0
2015-11-20,22167.0
2015-11-23,22088.0
2015-11-24,22112.0
2015-11-25,22060.0
2015-11-26,22130.0
2015-11-27,22080.0
2015-11-30,22121.0
2015-12-01,22052.0
2015-12-02,22098.0
2015-12-03,21343.0
2015-12-04,22124.0
2015-12-07,22049.0
2015-12-08,22025.0
2015-12-09,21917.0
2015-12-10,22055.0
2015-12-11,22091.0
2015-12-14,22112.0
2015-12-15,22343.0
2015-12-16,22197.0
2015-12-17,22197.0
2015-12-18,22108.0
2015-12-21,22078.0
2015-12-22,22157.0
2015-12-23,22212.0
2015-12-24,22132.0
2015-12-25,22106.0
2015-12-28,22152.0
2015-12-29,22213.0
2015-12-30,22095.0
2015-12-31,22185.0
2016-01-01,22180.0
2016-01-04,22320.0
2016-01-05,22141.0
2016-01-06,22034.0
2016-01-07,22014.0
2016-01-08,22002.0
2016-01-11,22162.0
2016-01-12,22058.0
2016-01-13,21937.0
2016-01-14,22083.0
2016-01-15,22027.0
2016-01-18,22038.0
2016-01-19,21961.0
2016-01-20,22090.0
2016-01-21,22112.0
2016-01-22,22094.0
2016-01-25,21945.0
2016-01-26,21878.0
2016-01-27,21889.0
2016-01-28,21833.0
2016-01-29,22032.0
2016-02-01,21874.0
2016-02-02,21928.0
2016-02-03,21611.0
2016-02-04,21920.0
2016-02-05,21949.0
2016-02-08,21923.0
2016-02-09,21771.0
2016-02-10,21926.0
2016-02-11,21968.0
2016-02-12,21963.0
2016-02-15,22007.0
2016-02-16,22007.0
2016-02-17,22084.0
2016-02-18,21995.0
2016-02-19,21942.0
2016-02-22,22036.0
2016-02-23,22011.0
2016-02-24,21897.0
2016-02-25,21965.0
2016-02-26,22140.0
2016-02-29,21941.0
2016-03-01,21951.0
2016-03-02,21947.0
2016-03-03,21787.0
2016-03-04,21883.0
2016-03-07,21919.0
2016-03-08,21949.0
2016-03-09,21933.0
2016-03-10,21923.0
2016-03-11,21844.0
2016-03-14,21944.0
2016-03-15,21915.0
2016-03-16,21699.0
2016-03-17,21957.0
2016-03-18,21950.0
2016-03-21,21944.0
2016-03-22,21939.0
2016-03-23,22027.0
2016-03-24,21971.0
2016-03-25,22270.0
2016-03-28,22270.0
2016-03-29,21933.0
2016-03-30,21919.0
2016-03-31,21934.0
2016-04-01,21950.0
2016-04-04,21940.0
2016-04-05,21947.0
2016-04-06,21858.0
2016-04-07,21946.0
2016-04-08,21947.0
2016-04-11,21942.0
2016-04-12,21955.0
2016-04-13,21943.0
2016-04-14,21948.0
2016-04-15,21933.0
2016-04-18,21978.0
2016-04-19,21946.0
2016-04-20,21939.0
2016-04-21,21974.0
2016-04-22,21920.0
2016-04-25,21941.0
2016-04-26,21942.0
2016-04-27,21914.0
2016-04-28,21953.0
2016-04-29,21937.0
2016-05-02,21947.0
2016-05-03,22091.0
2016-05-04,22255.0
2016-05-05,21976.0
2016-05-06,21936.0
2016-05-09,21949.0
2016-05-10,21933.0
2016-05-11,21934.0
2016-05-12,21941.0
2016-05-13,21955.0
2016-05-16,22031.0
2016-05-17,21951.0
2016-05-18,21934.0
2016-05-19,21953.0
2016-05-20,21963.0
2016-05-23,21956.0
2016-05-24,21970.0
2016-05-25,21994.0
2016-05-26,22022.0
2016-05-27,22032.0
2016-05-30,22057.0
2016-05-31,22020.0
2016-06-01,22081.0
2016-06-02,22178.0
2016-06-03,22051.0
2016-06-06,22013.0
2016-06-07,21992.0
2016-06-08,21964.0
2016-06-09,22000.0
2016-06-10,21969.0
2016-06-13,21957.0
2016-06-14,21940.0
2016-06-15,21882.0
2016-06-16,22000.0
2016-06-17,21918.0
2016-06-20,21971.0
2016-06-21,22090.0
2016-06-22,21840.0
2016-06-23,21984.0
2016-06-24,21830.0
2016-06-27,21970.0
2016-06-28,21991.0
2016-06-29,21885.0
2016-06-30,22028.0
2016-07-01,21911.0
2016-07-04,21891.0
2016-07-05,22114.0
2016-07-06,21882.0
2016-07-07,21974.0
2016-07-08,21965.0
2016-07-11,21913.0
2016-07-12,22000.0
2016-07-13,21922.0
2016-07-14,21914.0
2016-07-15,22152.0
2016-07-18,21885.0
2016-07-19,22018.0
2016-07-20,21933.0
2016-07-21,21923.0
2016-07-22,22023.0
2016-07-25,21931.0
2016-07-26,21974.0
2016-07-27,21821.0
2016-07-28,21957.0
2016-07-29,21816.0
2016-08-01,21943.0
2016-08-02,21895.0
2016-08-03,22044.0
2016-08-04,21942.0
2016-08-05,22058.0
2016-08-08,21934.0
2016-08-09,21882.0
2016-08-10,21924.0
2016-08-11,21964.0
2016-08-12,21922.0
2016-08-15,21913.0
2016-08-16,21951.0
2016-08-17,21940.0
2016-08-18,21896.0
2016-08-19,21949.0
2016-08-22,21891.0
2016-08-23,22008.0
2016-08-24,21977.0
2016-08-25,21960.0
2016-08-26,22134.0
2016-08-29,21934.0
2016-08-30,21989.0
2016-08-31,21917.0
2016-09-01,21852.0
2016-09-02,21991.0
2016-09-05,21973.0
2016-09-06,21779.0
2016-09-07,21963.0
2016-09-08,21998.0
2016-09-09,22004.0
2016-09-12,21916.0
2016-09-13,21975.0
2016-09-14,21902.0
2016-09-15,21940.0
2016-09-16,22092.0
2016-09-19,21920.0
2016-09-20,22020.0
2016-09-21,21878.0
2016-09-22,22003.0
2016-09-23,21950.0
2016-09-26,21940.0
2016-09-27,22018.0
2016-09-28,21956.0
2016-09-29,21945.0
2016-09-30,21797.0
2016-10-03,22004.0
2016-10-04,21888.0
2016-10-05,21983.0
2016-10-06,22026.0
2016-10-07,21829.0
2016-10-10,21994.0
2016-10-11,22000.0
2016-10-12,21954.0
2016-10-13,21891.0
2016-10-14,22025.0
2016-10-17,21926.0
2016-10-18,22006.0
2016-10-19,21966.0
2016-10-20,22038.0
2016-10-21,21967.0
2016-10-24,21986.0
2016-10-25,21953.0
2016-10-26,21995.0
2016-10-27,22022.0
2016-10-28,21820.0
2016-10-31,21916.0
2016-11-01,21899.0
2016-11-02,21962.0
2016-11-03,21900.0
2016-11-04,21895.0
2016-11-07,22008.0
2016-11-08,22027.0
2016-11-09,22316.0
2016-11-10,21984.0
2016-11-11,21997.0
2016-11-14,22066.0
2016-11-15,22067.0
2016-11-16,22381.0
2016-11-17,22272.0
2016-11-18,22215.0
2016-11-21,22191.0
2016-11-22,22177.0
2016-11-23,22415.0
2016-11-24,22407.0
2016-11-25,22355.0
2016-11-28,22311.0
2016-11-29,22188.0
2016-11-30,22291.0
2016-12-01,22223.0
2016-12-02,22283.0
2016-12-05,22205.0
2016-12-06,22389.0
2016-12-07,22261.0
2016-12-08,22627.0
2016-12-09,22250.0
2016-12-12,22187.0
2016-12-13,22239.0
2016-12-14,22587.0
2016-12-15,22354.0
2016-12-16,22745.0
2016-12-19,22438.0
2016-12-20,22350.0
2016-12-21,22340.0
2016-12-22,22402.0
2016-12-23,22378.0
2016-12-26,22366.0
2016-12-27,22364.0
2016-12-28,22392.0
2016-12-29,22318.0
2016-12-30,22468.0
2017-01-02,22411.0
2017-01-03,22338.0
2017-01-04,22222.0
2017-01-05,22062.0
2017-01-06,22297.0
2017-01-09,22077.0
2017-01-10,22237.0
2017-01-11,22059.0
2017-01-12,22265.0
2017-01-13,22202.0
2017-01-16,22174.0
2017-01-17,22195.0
2017-01-18,22309.0
2017-01-19,22196.0
2017-01-20,22084.0
2017-01-23,22100.0
2017-01-24,22229.0
2017-01-25,22227.0
2017-01-26,22327.0
2017-01-27,22210.0
2017-01-30,22139.0
2017-01-31,22132.0
2017-02-01,22298.0
2017-02-02,22640.0
2017-02-03,22137.0
2017-02-06,22196.0
2017-02-07,22210.0
2017-02-08,22183.0
2017-02-09,22347.0
2017-02-10,22266.0
2017-02-13,22398.0
2017-02-14,22478.0
2017-02-15,22319.0
2017-02-16,22305.0
2017-02-17,22483.0
2017-02-20,22464.0
2017-02-21,22469.0
2017-02-22,22334.0
2017-02-23,22830.0
2017-02-24,22815.0
2017-02-27,22777.0
2017-02-28,22760.0
2017-03-01,22391.0
2017-03-02,22474.0
2017-03-03,22840.0
2017-03-06,22800.0
2017-03-07,22448.0
2017-03-08,22461.0
2017-03-09,22390.0
2017-03-10,22281.0
2017-03-13,22458.0
2017-03-14,22483.0
2017-03-15,22224.0
2017-03-16,22310.0
2017-03-17,22404.0
2017-03-20,22447.0
2017-03-21,22419.0
2017-03-22,22390.0
2017-03-23,22429.0
2017-03-24,22432.0
2017-03-27,22408.0
2017-03-28,22490.0
2017-03-29,22447.0
2017-03-30,22524.0
2017-03-31,22435.0
2017-04-03,22329.0
2017-04-04,22249.0
2017-04-05,22320.0
2017-04-06,22357.0
2017-04-07,22655.0
2017-04-10,22650.0
2017-04-11,22653.0
2017-04-12,22670.0
2017-04-13,22645.0
2017-04-14,22355.0
2017-04-17,22285.0
2017-04-18,22232.0
2017-04-19,22398.0
2017-04-20,22439.0
2017-04-21,22292.0
2017-04-24,22332.0
2017-04-25,22300.0
2017-04-26,22350.0
2017-04-27,22417.0
2017-04-28,22465.0
2017-05-01,22453.0
2017-05-02,22360.0
2017-05-03,22426.0
2017-05-04,22280.0
2017-05-05,22286.0
2017-05-08,22422.0
2017-05-09,22415.0
2017-05-10,22375.0
2017-05-11,22376.0
2017-05-12,22210.0
2017-05-15,22302.0
2017-05-16,22240.0
2017-05-17,22216.0
2017-05-18,22404.0
2017-05-19,22257.0
2017-05-22,22325.0
2017-05-23,22447.0
2017-05-24,22269.0
2017-05-25,22349.0
2017-05-26,22451.0
2017-05-29,22424.0
2017-05-30,22290.0
2017-05-31,22304.0
2017-06-01,22380.0
2017-06-02,22227.0
2017-06-05,22335.0
2017-06-06,22311.0
2017-06-07,22252.0
2017-06-08,22396.0
2017-06-09,22301.0
2017-06-12,22361.0
2017-06-13,22332.0
2017-06-14,22352.0
2017-06-15,22345.0
2017-06-16,22339.0
2017-06-19,22481.0
2017-06-20,22406.0
2017-06-21,22329.0
2017-06-22,22395.0
2017-06-23,22312.0
2017-06-26,22369.0
2017-06-27,22236.0
2017-06-28,22355.0
2017-06-29,22318.0
2017-06-30,22338.0
2017-07-03,22411.0
2017-07-04,22392.0
2017-07-05,22331.0
2017-07-06,22730.0
2017-07-07,22744.0
2017-07-10,22390.0
2017-07-11,22246.0
2017-07-12,22463.0
2017-07-13,22357.0
2017-07-14,22274.0
2017-07-17,22344.0
2017-07-18,22387.0
2017-07-19,22400.0
2017-07-20,22142.0
2017-07-21,22356.0
2017-07-24,22401.0
2017-07-25,22397.0
2017-07-26,22194.0
2017-07-27,22440.0
2017-07-28,22307.0
2017-07-31,22181.0
2017-08-01,22400.0
2017-08-02,22346.0
2017-08-03,22330.0
2017-08-04,22582.0
2017-08-07,22399.0
2017-08-08,22517.0
2017-08-09,22345.0
2017-08-10,22302.0
2017-08-11,22271.0
2017-08-14,22423.0
2017-08-15,22411.0
2017-08-16,22252.0
2017-08-17,22336.0
2017-08-18,22366.0
2017-08-21,22284.0
2017-08-22,22371.0
2017-08-23,22342.0
2017-08-24,22386.0
2017-08-25,22196.0
2017-08-28,22323.0
2017-08-29,22528.0
2017-08-30,22502.0
2017-08-31,22290.0
2017-09-01,22495.0
2017-09-04,22415.0
2017-09-05,22366.0
2017-09-06,22406.0
2017-09-07,22326.0
2017-09-08,22458.0
2017-09-11,22500.0
2017-09-12,22343.0
2017-09-13,22575.0
2017-09-14,22362.0
2017-09-15,22398.0
2017-09-18,22398.0
2017-09-19,22386.0
2017-09-20,22612.0
2017-09-21,22329.0
2017-09-22,22433.0
2017-09-25,22452.0
2017-09-26,22389.0
2017-09-27,22398.0
2017-09-28,22378.0
2017-09-29,22523.0
2017-10-02,22413.0
2017-10-03,22421.0
2017-10-04,22421.0
2017-10-05,22451.0
2017-10-06,22343.0
2017-10-09,22395.0
2017-10-10,22331.0
2017-10-11,22311.0
2017-10-12,22426.0
2017-10-13,22392.0
2017-10-16,22385.0
2017-10-17,22365.0
2017-10-18,22303.0
2017-10-19,22340.0
2017-10-20,22422.0
2017-10-23,22372.0
2017-10-24,22372.0
2017-10-25,22314.0
2017-10-26,22688.0
2017-10-27,22407.0
2017-10-30,22350.0
2017-10-31,22351.0
2017-11-01,22409.0
2017-11-02,22358.0
2017-11-03,22447.0
2017-11-06,22330.0
2017-11-07,22331.0
2017-11-08,22372.0
2017-11-09,22367.0
2017-11-10,22321.0
2017-11-13,22340.0
2017-11-14,22229.0
2017-11-15,22509.0
2017-11-16,22358.0
2017-11-17,22378.0
2017-11-20,22452.0
2017-11-21,22350.0
2017-11-22,22245.0
2017-11-23,22385.0
2017-11-24,22248.0
2017-11-27,22454.0
2017-11-28,22455.0
2017-11-29,22367.0
2017-11-30,22275.0
2017-12-01,22382.0
2017-12-04,22361.0
2017-12-05,22454.0
2017-12-06,22393.0
2017-12-07,22395.0
2017-12-08,22301.0
2017-12-11,22407.0
2017-12-12,22441.0
2017-12-13,22208.0
2017-12-14,22476.0
2017-12-15,22473.0
2017-12-18,22395.0
2017-12-19,22319.0
2017-12-20,22306.0
2017-12-21,22370.0
2017-12-22,22355.0
2017-12-25,22335.0
2017-12-26,22363.0
2017-12-27,22366.0
2017-12-28,22370.0
2017-12-29,22343.0
2018-01-01,22325.0
2018-01-02,22384.0
2018-01-03,22378.0
2018-01-04,22365.0
2018-01-05,22419.0
2018-01-08,22410.0
2018-01-09,22358.0
2018-01-10,22482.0
2018-01-11,22202.0
2018-01-12,22236.0
2018-01-15,22365.0
2018-01-16,22299.0
2018-01-17,22424.0
2018-01-18,22385.0
2018-01-19,22475.0
2018-01-22,22675.0
2018-01-23,22675.5
2018-01-24,22675.5
2018-01-25,22678.400390625
2018-01-26,22676.0
2018-01-29,22666.0
2018-01-30,22676.099609375
2018-01-31,22661.80078125
2018-02-01,22674.80078125
2018-02-02,22675.80078125
2018-02-05,22674.5
2018-02-06,22675.5
2018-02-07,22665.099609375
2018-02-08,22660.0
2018-02-09,22667.400390625
2018-02-12,22671.30078125
2018-02-13,22678.0
2018-02-14,22678.5
2018-02-15,22678.5
2018-02-16,22672.5
2018-02-19,22844.0
2018-02-20,22662.0
2018-02-21,22682.599609375
2018-02-22,22687.599609375
2018-02-23,22705.5
2018-02-26,22711.5
2018-02-27,22709.30078125
2018-02-28,22718.80078125
2018-03-01,22722.5
2018-03-02,22715.0
2018-03-05,22725.0
2018-03-06,22730.0
2018-03-07,22735.0
2018-03-08,22722.5
2018-03-09,22725.0
2018-03-12,22723.5
2018-03-13,22727.5
2018-03-14,22731.5
2018-03-15,22735.0
2018-03-16,22744.400390625
2018-03-19,22713.30078125
2018-03-20,22739.5
2018-03-21,22734.80078125
2018-03-22,22738.0
2018-03-23,22770.0
2018-03-26,22757.0
2018-03-27,22780.5
2018-03-28,22784.0
2018-03-29,22777.900390625
2018-03-30,22759.0
2018-04-02,22505.0
2018-04-03,22775.0
2018-04-04,22775.0
2018-04-05,22780.5
2018-04-06,22778.0
2018-04-09,22767.5
2018-04-10,22374.0
2018-04-11,22757.5
2018-04-12,22755.5
2018-04-13,22753.5
2018-04-16,22751.5
2018-04-17,22742.5
2018-04-18,22737.5
2018-04-19,22739.0
2018-04-20,22744.0
2018-04-23,22428.0
2018-04-24,22736.0
2018-04-25,22734.0
2018-04-26,22734.0
2018-04-27,22732.0
2018-04-30,22728.5
2018-05-01,22728.5
2018-05-02,22494.0
2018-05-03,22726.0
2018-05-04,22727.5
2018-05-07,22416.0
2018-05-08,22733.5
2018-05-09,22737.5
2018-05-10,22742.0
2018-05-11,22458.0
2018-05-14,22398.0
2018-05-15,22732.5
2018-05-16,22735.5
2018-05-17,22737.5
2018-05-18,22740.0
2018-05-21,22428.0
2018-05-22,22736.5
2018-05-23,22734.5
2018-05-24,22739.0
2018-05-25,22743.0
2018-05-28,22746.0
2018-05-29,22779.5
2018-05-30,22802.5
2018-05-31,22820.0
2018-06-01,22771.0
2018-06-04,22533.0
2018-06-05,22532.0
2018-06-06,22794.5
2018-06-07,22773.5
2018-06-08,22767.0
2018-06-11,22366.0
2018-06-12,22780.5
2018-06-13,22778.5
2018-06-14,22777.5
2018-06-15,22778.0
2018-06-18,22781.0
2018-06-19,22801.0
2018-06-20,22818.5
2018-06-21,22832.5
2018-06-22,22842.0
2018-06-25,22840.0
2018-06-26,22865.0
2018-06-27,22886.0
2018-06-28,22901.5
2018-06-29,22906.0
2018-07-02,22923.5
2018-07-03,22919.5
2018-07-04,23011.0
2018-07-05,23004.0
2018-07-06,23006.5
2018-07-09,22602.400390625
2018-07-10,23005.0
2018-07-11,23004.5
2018-07-12,23009.0
2018-07-13,23013.0
2018-07-16,23010.0
2018-07-17,23012.400390625
2018-07-18,23006.80078125
2018-07-19,23016.19921875
2018-07-20,23017.0
2018-07-23,22555.69921875
2018-07-24,23018.0
2018-07-25,23216.0
2018-07-26,23182.5
2018-07-27,23145.0
2018-07-30,23197.5
2018-07-31,23222.5
2018-08-01,23248.0
2018-08-02,23256.5
2018-08-03,23247.5
2018-08-06,23271.0
2018-08-07,23272.5
2018-08-08,23268.0
2018-08-09,23249.0
2018-08-10,23242.5
2018-08-13,23242.0
2018-08-14,23280.0
2018-08-15,23280.0
2018-08-16,23277.5
2018-08-17,23278.0
2018-08-20,23259.0
2018-08-21,23238.0
2018-08-22,23234.0
2018-08-23,23240.0
2018-08-24,23247.0
2018-08-27,22872.400390625
2018-08-28,23259.0
2018-08-29,23261.5
2018-08-30,23266.0
2018-08-31,23268.0
2018-09-03,23279.0
2018-09-04,23271.0
2018-09-05,23289.900390625
2018-09-06,23279.0
2018-09-07,23279.5
2018-09-10,23291.5
2018-09-11,23267.5
2018-09-12,23249.19921875
2018-09-13,23245.400390625
2018-09-14,23242.0
2018-09-17,23213.5
2018-09-18,23256.5
2018-09-19,23246.5
2018-09-20,23272.5
2018-09-21,23287.5
2018-09-24,22978.900390625
2018-09-25,23024.69921875
2018-09-26,23310.5
2018-09-27,23313.5
2018-09-28,23312.5
2018-10-01,23292.5
2018-10-02,23296.0
2018-10-03,23292.5
2018-10-04,23307.5
2018-10-05,23311.5
2018-10-08,22910.400390625
2018-10-09,23317.5
2018-10-10,23321.5
2018-10-11,23316.0
2018-10-12,23311.0
2018-10-15,23310.5
2018-10-16,23297.5
2018-10-17,23304.0
2018-10-18,23310.0
2018-10-19,23312.5
2018-10-22,23311.80078125
2018-10-23,23313.5
2018-10-24,23313.5
2018-10-25,23321.599609375
2018-10-26,23320.0
2018-10-29,22898.599609375
2018-10-30,23310.5
2018-10-31,23310.0
2018-11-01,23311.099609375
2018-11-02,23308.400390625
2018-11-05,23307.0
2018-11-06,23300.0
2018-11-07,23291.0
2018-11-08,23295.0
2018-11-09,23289.19921875
2018-11-12,23260.0
2018-11-13,23267.5
2018-11-14,23280.0
2018-11-15,23278.599609375
2018-11-16,23274.0
2018-11-19,22771.30078125
2018-11-20,23276.5
2018-11-21,23302.0
2018-11-22,23318.0
2018-11-23,23318.0
2018-11-26,23021.400390625
2018-11-27,23306.0
2018-11-28,23312.5
2018-11-29,23301.0
2018-11-30,23292.5
2018-12-03,23074.900390625
2018-12-04,23267.5
2018-12-05,23257.5
2018-12-06,23270.0
2018-12-07,23297.5
2018-12-10,23277.5
2018-12-11,23271.0
2018-12-12,23270.0
2018-12-13,23268.099609375
2018-12-14,23255.0
2018-12-17,23253.0
2018-12-18,23284.0
2018-12-19,23285.5
2018-12-20,23278.5
2018-12-21,23267.5
2018-12-24,23248.5
2018-12-25,22939.900390625
2018-12-26,23243.5
2018-12-27,23243.0
2018-12-28,23187.5
2018-12-31,23194.0
2019-01-01,23160.0
2019-01-02,23194.0
2019-01-03,23194.0
2019-01-04,23194.0
2019-01-07,23194.0
2019-01-08,23194.0
2019-01-09,23194.0
2019-01-10,23194.0
2019-01-11,23194.0
2019-01-14,23194.0
2019-01-15,23194.0
2019-01-16,23194.0
2019-01-17,23194.0
2019-01-18,23194.0
2019-01-21,23194.0
2019-01-22,23194.0
2019-01-23,23194.0
2019-01-24,23194.0
2019-01-25,23194.0
2019-01-28,22733.19921875
2019-01-29,23194.0
2019-01-30,23194.0
2019-01-31,23194.0
2019-02-01,23203.0
2019-02-04,23203.0
2019-02-05,23203.0
2019-02-06,23203.0
2019-02-07,23203.0
2019-02-08,23203.0
2019-02-11,22862.69921875
2019-02-12,23203.0
2019-02-13,23203.0
2019-02-14,23203.0
2019-02-15,23203.0
2019-02-18,23203.0
2019-02-19,23203.0
2019-02-20,23203.0
2019-02-21,23203.0
2019-02-22,23203.0
2019-02-25,22851.5
2019-02-26,23203.0
2019-02-27,23203.0
2019-02-28,23198.0
2019-03-01,23198.0
2019-03-04,23198.0
2019-03-05,23198.0
2019-03-06,23198.0
2019-03-07,23198.0
2019-03-08,23198.0
2019-03-11,22793.69921875
2019-03-12,23198.0
2019-03-13,23198.0
2019-03-14,23198.0
2019-03-15,23198.0
2019-03-18,23198.0
2019-03-19,23198.0
2019-03-20,23198.0
2019-03-21,23198.0
2019-03-22,23198.0
2019-03-25,22803.80078125
2019-03-26,23198.0
2019-03-27,23198.0
2019-03-28,23198.0
2019-03-29,23198.0
2019-04-01,23198.0
2019-04-02,23198.0
2019-04-03,23198.0
2019-04-04,23198.0
2019-04-05,23198.0
2019-04-08,23198.0
2019-04-09,23198.0
2019-04-10,23198.0
2019-04-11,23198.0
2019-04-12,23198.0
2019-04-15,22833.19921875
2019-04-16,23164.5
2019-04-17,23167.5
2019-04-18,23163.5
2019-04-19,23168.5
2019-04-22,23177.5
2019-04-23,22868.400390625
2019-04-24,23182.5
2019-04-25,23182.80078125
2019-04-26,23185.0
2019-04-29,22876.30078125
2019-04-30,23254.900390625
2019-05-01,23255.0
2019-05-02,23243.80078125
2019-05-03,23235.0
2019-05-06,23217.5
2019-05-07,23246.5
2019-05-08,23260.0
2019-05-09,23332.5
2019-05-10,23365.0
2019-05-13,23312.5
2019-05-14,23294.0
2019-05-15,23345.0
2019-05-16,23290.0
2019-05-17,23272.69921875
2019-05-20,23357.5
2019-05-21,23372.5
2019-05-23,23048.599609375
2019-05-24,23354.0
2019-05-27,22990.19921875
2019-05-28,23355.0
2019-05-29,23087.19921875
2019-05-30,23367.5
2019-05-31,23382.69921875
2019-06-03,22945.900390625
2019-06-04,23359.5
2019-06-05,23362.5
2019-06-06,23375.0
2019-06-07,23368.0
2019-06-10,23362.0
2019-06-11,23330.0
2019-06-12,23330.0
2019-06-13,23285.5
2019-06-14,23285.0
2019-06-17,23034.5
2019-06-18,23315.0
2019-06-19,23301.0
2019-06-20,23300.0
2019-06-21,23265.0
2019-06-24,22876.5
2019-06-25,23262.5
2019-06-26,23272.599609375
2019-06-27,23270.0
2019-06-28,23280.0
2019-07-01,23275.0
2019-07-02,22997.599609375
2019-07-03,22901.30078125
2019-07-04,23215.0
2019-07-05,23215.0
2019-07-08,23202.5
2019-07-09,23202.5
2019-07-10,23202.5
2019-07-11,23202.5
2019-07-12,23202.5
2019-07-15,23202.5
2019-07-16,23166.5
2019-07-17,23166.0
2019-07-18,23167.5
2019-07-19,23179.80078125
2019-07-22,22901.099609375
2019-07-23,23192.5
2019-07-24,23175.0
2019-07-25,23175.0
2019-07-26,23175.099609375
2019-07-29,23176.5
2019-07-30,23207.0
2019-07-31,23207.0
2019-08-01,23207.0
2019-08-02,23207.0
2019-08-05,23207.0
2019-08-06,23207.0
2019-08-07,23207.0
2019-08-08,23207.0
2019-08-09,23207.0
2019-08-12,23207.0
2019-08-13,23207.0
2019-08-14,23207.0
2019-08-15,23207.0
2019-08-16,23207.0
2019-08-19,23207.0
2019-08-20,23207.0
2019-08-21,23207.0
2019-08-22,23207.0
2019-08-23,23207.0
2019-08-26,22459.900390625
2019-08-27,23207.0
2019-08-28,23207.0
2019-08-29,23207.0
2019-08-30,23207.0
2019-09-02,23207.0
2019-09-03,23207.0
2019-09-04,23207.0
2019-09-05,23207.0
2019-09-06,23207.0
2019-09-09,22626.5
2019-09-10,23207.0
2019-09-11,23207.0
2019-09-12,23207.0
2019-09-13,23207.0
2019-09-16,23207.0
2019-09-17,23207.0
2019-09-18,23207.0
2019-09-19,23207.0
2019-09-20,23207.0
2019-09-23,23207.0
2019-09-24,23207.0
2019-09-25,23207.0
2019-09-26,23207.0
2019-09-27,23207.0
2019-09-30,22835.099609375
2019-10-01,23207.0
2019-10-02,22764.900390625
2019-10-03,22756.0
2019-10-04,23207.0
2019-10-07,22855.19921875
2019-10-08,23207.0
2019-10-09,23207.0
2019-10-10,23207.0
2019-10-11,23207.0
2019-10-14,22842.7734375
2019-10-15,23207.0
2019-10-16,23207.0
2019-10-17,23207.0
2019-10-18,23207.0
2019-10-21,23207.0
2019-10-22,23207.0
2019-10-23,23207.0
2019-10-24,23207.0
2019-10-25,23207.0
2019-10-28,23207.0
2019-10-29,23207.0
2019-10-30,23207.0
2019-10-31,23207.0
2019-11-01,23207.0
2019-11-04,23207.0
2019-11-05,23207.0
2019-11-06,23207.0
2019-11-07,23207.0
2019-11-08,23207.0
2019-11-11,23207.0
2019-11-12,23207.0
2019-11-13,23207.0
2019-11-14,23207.0
2019-11-15,23207.0
2019-11-18,22802.74609375
2019-11-19,23207.0
2019-11-20,23207.0
2019-11-21,23207.0
2019-11-22,23207.0
2019-11-25,23207.0
2019-11-26,23207.0
2019-11-27,23207.0
2019-11-28,23207.0
2019-11-29,23207.0
2019-12-02,22771.517578125
2019-12-03,23207.0
2019-12-04,23207.0
2019-12-05,23171.0
2019-12-06,23171.0
2019-12-09,23171.0
2019-12-10,23171.0
2019-12-11,23171.0
2019-12-12,23171.0
2019-12-13,23171.0
2019-12-16,23171.0
2019-12-17,23171.0
2019-12-18,23171.0
2019-12-19,23171.0
2019-12-20,23171.0
2019-12-23,23171.0
2019-12-24,23171.0
2019-12-25,23171.0
2019-12-26,23171.0
2019-12-27,23171.0
2019-12-30,23171.0
2019-12-31,23171.0
2020-01-01,23171.0
2020-01-02,23171.0
2020-01-03,23171.0
2020-01-06,23171.0
2020-01-07,23171.0
2020-01-08,23171.0
2020-01-09,23171.0
2020-01-10,23171.0
2020-01-13,22761.69140625
2020-01-14,23171.0
2020-01-15,23171.0
2020-01-16,23171.0
2020-01-17,23171.0
2020-01-20,23171.0
2020-01-21,23171.0
2020-01-22,23171.0
2020-01-23,23171.0
2020-01-24,23171.0
2020-01-27,23171.0
2020-01-28,23171.0
2020-01-29,23171.0
2020-01-30,23171.0
2020-01-31,23182.0
2020-02-03,23182.0
2020-02-04,23182.0
2020-02-05,23237.0
2020-02-06,23237.0
2020-02-07,23237.0
2020-02-10,23237.0
2020-02-11,23237.0
2020-02-12,23237.0
2020-02-13,23237.0
2020-02-14,23237.0
2020-02-17,23237.0
2020-02-18,23237.0
2020-02-19,23235.0
2020-02-20,23235.0
2020-02-21,23235.0
2020-02-24,23235.0
2020-02-25,23235.0
2020-02-26,23235.0
2020-02-27,23240.0
2020-02-28,23240.0
2020-03-02,23234.0
2020-03-03,23234.0
2020-03-04,23234.0
2020-03-05,23204.0
2020-03-06,23204.0
2020-03-09,23204.0
2020-03-10,23204.0
2020-03-11,23204.0
2020-03-12,23204.0
2020-03-13,23204.0
2020-03-16,23204.0
2020-03-17,23204.0
2020-03-18,23244.0
2020-03-19,23244.0
2020-03-20,23244.0
2020-03-23,23244.0
2020-03-24,23244.0
2020-03-25,23244.0
2020-03-26,23244.0
2020-03-27,23244.0
2020-03-30,23010.337890625
2020-03-31,23631.0
2020-04-01,23631.0
2020-04-02,23631.0
2020-04-03,23631.0
2020-04-06,23631.0
2020-04-07,23631.0
2020-04-08,23631.0
2020-04-09,23631.0
2020-04-10,23631.0
2020-04-13,23631.0
2020-04-14,23631.0
2020-04-15,23449.0
2020-04-16,23441.0
2020-04-17,23441.0
2020-04-20,22972.873046875
2020-04-21,23441.0
2020-04-22,23441.0
2020-04-23,23441.0
2020-04-24,23441.0
2020-04-27,23441.0
2020-04-28,23441.0
2020-04-29,23444.0
2020-04-30,23444.0
2020-05-01,23444.0
2020-05-04,23444.0
2020-05-05,23444.0
2020-05-06,23444.0
2020-05-07,23444.0
2020-05-08,23444.0
2020-05-11,23399.0
2020-05-12,23399.0
2020-05-13,23334.0
2020-05-14,23334.0
2020-05-15,23334.0
2020-05-18,23334.0
2020-05-19,23334.0
2020-05-20,23334.0
2020-05-21,23334.0
2020-05-22,23334.0
2020-05-25,23334.0
2020-05-26,23334.0
2020-05-27,23312.0
2020-05-28,23312.0
2020-05-29,23309.0
2020-06-01,23280.0
2020-06-02,23264.0
2020-06-03,23264.0
2020-06-04,23264.0
2020-06-05,23264.0
2020-06-08,23264.0
2020-06-09,23264.0
2020-06-10,23264.0
2020-06-11,23264.0
2020-06-12,23264.0
2020-06-15,23264.0
2020-06-16,23264.0
2020-06-17,23264.0
2020-06-18,23264.0
2020-06-19,23264.0
2020-06-22,23264.0
2020-06-23,23264.0
2020-06-24,23264.0
2020-06-25,23264.0
2020-06-26,23264.0
2020-06-29,23210.0
2020-06-30,23264.0
2020-07-01,23264.0
2020-07-02,23264.0
2020-07-03,23202.0
2020-07-06,23199.0
2020-07-07,23201.0
2020-07-08,23180.0
2020-07-09,23188.0
2020-07-10,23184.0
2020-07-13,22824.259765625
2020-07-14,23179.0
2020-07-15,23181.0
2020-07-16,23183.0
2020-07-17,23184.0
2020-07-20,23191.0
2020-07-21,23188.0
2020-07-22,23180.0
2020-07-23,23184.0
2020-07-24,23180.0
2020-07-27,23175.0
2020-07-28,23181.0
2020-07-29,23170.0
2020-07-30,23175.0
2020-07-31,23175.0
2020-08-03,23170.0
2020-08-04,23170.0
2020-08-05,23175.0
2020-08-06,23174.0
2020-08-07,23173.0
2020-08-10,22903.845703125
2020-08-11,23170.0
2020-08-12,23174.0
2020-08-13,23175.0
2020-08-14,23174.0
2020-08-17,23174.0
2020-08-18,23174.0
2020-08-19,23174.0
2020-08-20,23174.0
2020-08-21,23174.0
2020-08-24,23175.0
2020-08-25,23177.0
2020-08-26,23170.0
2020-08-27,23174.0
2020-08-28,23174.0
2020-08-31,23174.0
2020-09-01,23174.0
2020-09-02,23174.0
2020-09-03,23174.0
2020-09-04,23174.0
2020-09-07,23178.0
2020-09-08,23174.0
2020-09-09,23176.0
2020-09-10,23175.0
2020-09-11,23173.0
2020-09-14,23174.0
2020-09-15,23175.0
2020-09-16,23175.0
2020-09-17,23178.0
2020-09-18,23170.0
2020-09-21,23170.0
2020-09-22,23178.0
2020-09-23,23177.0
2020-09-24,23185.0
2020-09-25,23184.0
2020-09-28,23191.0
2020-09-29,23188.0
2020-09-30,23190.0
2020-10-01,23181.0
2020-10-02,23188.0
2020-10-05,23191.0
2020-10-06,23203.0
2020-10-07,23205.0
2020-10-08,23205.0
2020-10-09,23191.0
2020-10-12,23180.0
2020-10-13,23178.0
2020-10-14,23177.0
2020-10-15,23175.0
2020-10-16,23170.0
2020-10-19,23175.0
2020-10-20,23175.0
2020-10-21,23179.0
2020-10-22,23177.0
2020-10-23,23176.0
2020-10-26,23176.0
2020-10-27,23175.0
2020-10-28,23175.0
2020-10-29,23176.0
2020-10-30,23170.0
2020-11-02,23180.0
2020-11-03,23177.0
2020-11-04,23176.0
2020-11-05,23176.0
2020-11-06,23175.0
2020-11-09,23176.0
2020-11-10,23170.0
2020-11-11,23173.0
2020-11-12,23175.0
2020-11-13,23175.0
2020-11-16,23175.0
2020-11-17,23175.0
2020-11-18,23163.0
2020-11-19,23160.0
2020-11-20,23176.0
2020-11-23,23176.0
2020-11-24,23177.0
2020-11-25,23151.0
2020-11-26,23160.0
2020-11-27,23164.0
2020-11-30,23160.0
2020-12-01,23140.0
2020-12-02,23129.0
2020-12-03,23129.0
2020-12-04,23125.0
2020-12-07,23130.0
2020-12-08,23127.0
2020-12-09,23128.0
2020-12-10,23128.0
2020-12-11,23128.0
2020-12-14,23128.0
2020-12-15,23126.0
2020-12-16,23126.0
2020-12-17,23126.0
2020-12-18,23120.0
2020-12-21,23124.0
2020-12-22,23120.0
2020-12-23,23127.0
2020-12-24,23130.0
2020-12-25,23125.0
2020-12-28,23130.0
2020-12-29,23125.0
2020-12-30,23120.0
2020-12-31,23088.0
2021-01-01,23070.0
2021-01-04,23070.0
2021-01-05,23070.0
2021-01-06,23080.0
2021-01-07,23090.0
2021-01-08,23078.0
2021-01-11,22788.548828125
2021-01-12,23050.0
2021-01-13,23065.0
2021-01-14,23064.0
2021-01-15,23064.0
2021-01-18,22818.826171875
2021-01-19,23069.0
2021-01-20,23069.0
2021-01-21,23072.0
2021-01-22,23060.0
2021-01-25,23070.0
2021-01-26,23060.0
2021-01-27,23069.0
2021-01-28,23069.0
2021-01-29,23059.0
2021-02-01,22699.072265625
2021-02-02,23045.0
2021-02-03,23027.0
2021-02-04,23020.0
2021-02-05,23015.0
2021-02-08,23000.0
2021-02-09,22970.0
2021-02-10,23010.0
2021-02-11,23010.0
2021-02-12,23010.0
2021-02-15,23010.0
2021-02-16,23010.0
2021-02-17,23010.0
2021-02-18,23010.0
2021-02-19,23015.0
2021-02-22,22727.703125
2021-02-23,23020.0
2021-02-24,23025.0
2021-02-25,23020.0
2021-02-26,23025.0
2021-03-01,23015.0
2021-03-02,23020.0
2021-03-03,23022.0
2021-03-04,23020.0
2021-03-05,23019.0
2021-03-08,23033.0
2021-03-09,22707.5
2021-03-10,22726.470703125
2021-03-11,23052.0
2021-03-12,23051.0
2021-03-15,22651.580078125
2021-03-16,23081.0
2021-03-17,23082.0
2021-03-18,23045.0
2021-03-19,23065.0
2021-03-22,22761.62890625
2021-03-23,23076.0
2021-03-24,23070.0
2021-03-25,23080.0
2021-03-26,23084.0
2021-03-29,23084.0
2021-03-30,23070.0
2021-03-31,23070.0
2021-04-01,23074.0
2021-04-02,23065.0
2021-04-05,23073.0
2021-04-06,23079.0
2021-04-07,23090.0
2021-04-08,23090.0
2021-04-09,23085.0
2021-04-12,22697.6328125
2021-04-13,23067.0
2021-04-14,23069.0
2021-04-15,23078.0
2021-04-16,23073.0
2021-04-19,22747.548828125
2021-04-20,23073.0
2021-04-21,23074.0
2021-04-22,23074.0
2021-04-23,23070.0
2021-04-26,22664.841796875
2021-04-27,23040.0
2021-04-28,23042.0
2021-04-29,23047.0
2021-04-30,23054.0
2021-05-03,22837.033203125
2021-05-04,23054.0
2021-05-05,23050.0
2021-05-06,23060.0
2021-05-07,23067.0
2021-05-10,22562.2265625
2021-05-11,23060.0
2021-05-12,23055.0
2021-05-13,23053.0
2021-05-14,23040.0
2021-05-17,23048.0
2021-05-18,23046.0
2021-05-19,23040.0
2021-05-20,23045.0
2021-05-21,23045.0
2021-05-24,23054.0
2021-05-25,23056.0
2021-05-26,23060.0
2021-05-27,23055.0
2021-05-28,23045.0
2021-05-31,23045.0
2021-06-01,23040.0
2021-06-02,23044.0
2021-06-03,23040.0
2021-06-04,23041.0
2021-06-07,23044.0
2021-06-08,23000.0
2021-06-09,22952.0
2021-06-10,22955.0
2021-06-11,22947.0
2021-06-14,22945.0
2021-06-15,22944.0
2021-06-16,22947.0
2021-06-17,22946.0
2021-06-18,22960.0
2021-06-21,22995.0
2021-06-22,23014.0
2021-06-23,23025.0
2021-06-24,23020.0
2021-06-25,23003.0
2021-06-28,22700.0546875
2021-06-29,23020.0
2021-06-30,23020.0
2021-07-01,23014.0
2021-07-02,23010.0
2021-07-05,22590.8125
2021-07-06,22996.0
2021-07-07,23007.0
2021-07-08,23015.0
2021-07-09,23007.0
2021-07-12,22626.92578125
2021-07-13,23020.0
2021-07-14,23010.0
2021-07-15,23011.0
2021-07-16,23009.0
2021-07-19,22667.59375
2021-07-20,23020.0
2021-07-21,23026.0
2021-07-22,23022.0
2021-07-23,23010.0
2021-07-26,22652.552734375
2021-07-27,23008.0
2021-07-28,23005.0
2021-07-29,22999.0
2021-07-30,22965.0
2021-08-02,22950.0
2021-08-03,22950.0
2021-08-04,22950.0
2021-08-05,22945.0
2021-08-06,22936.0
2021-08-09,22672.322265625
2021-08-10,22925.0
2021-08-11,22887.0
2021-08-12,22809.0
2021-08-13,22805.0
2021-08-16,22830.0
2021-08-17,22830.0
2021-08-18,22830.0
2021-08-19,22807.0
2021-08-20,22812.0
2021-08-23,22451.056640625
2021-08-24,22825.0
2021-08-25,22820.0
2021-08-26,22790.0
2021-08-27,22785.0
2021-08-30,22789.0
2021-08-31,22775.0
2021-09-01,22775.0
2021-09-02,22760.0
2021-09-03,22760.0
2021-09-06,22760.0
2021-09-07,22760.0
2021-09-08,22758.0
2021-09-09,22757.0
2021-09-10,22765.0
2021-09-13,22757.0
2021-09-14,22759.0
2021-09-15,22759.0
2021-09-16,22758.0
2021-09-17,22753.0
2021-09-20,22770.0
2021-09-21,22769.0
2021-09-22,22755.0
2021-09-23,22760.0
2021-09-24,22762.0
2021-09-27,22760.0
2021-09-28,22766.0
2021-09-29,22761.0
2021-09-30,22753.0
2021-10-01,22750.0
2021-10-04,22757.0
2021-10-05,22757.0
2021-10-06,22754.0
2021-10-07,22750.0
2021-10-08,22750.0
2021-10-11,22399.798828125
2021-10-12,22750.0
2021-10-13,22757.0
2021-10-14,22757.0
2021-10-15,22757.0
2021-10-18,22758.0
2021-10-19,22758.0
2021-10-20,22755.0
2021-10-21,22755.0
2021-10-22,22750.0
2021-10-25,22394.345703125
2021-10-26,22745.0
2021-10-27,22757.0
2021-10-28,22755.0
2021-10-29,22750.0
2021-11-01,22750.0
2021-11-02,22750.0
2021-11-03,22748.0
2021-11-04,22747.0
2021-11-05,22680.0
2021-11-08,22680.0
2021-11-09,22660.0
2021-11-10,22662.0
2021-11-11,22660.0
2021-11-12,22645.0
2021-11-15,22640.0
2021-11-16,22645.0
2021-11-17,22650.0
2021-11-18,22648.0
2021-11-19,22650.0
2021-11-22,22657.0
2021-11-23,22670.0
2021-11-24,22675.0
2021-11-25,22680.0
2021-11-26,22670.0
2021-11-29,22678.0
2021-11-30,22690.0
2021-12-01,22688.0
2021-12-02,22710.0
2021-12-03,22730.0
2021-12-06,22830.0
2021-12-07,23020.0
2021-12-08,23070.0
2021-12-09,22920.0
2021-12-10,22980.0
2021-12-13,23025.0
2021-12-14,22975.0
2021-12-15,23000.0
2021-12-16,23030.0
2021-12-17,22990.0
2021-12-20,22980.0
2021-12-21,22928.0
2021-12-22,22933.0
2021-12-23,22955.0
2021-12-24,22950.0
2021-12-27,22840.0
2021-12-28,22810.0
2021-12-29,22835.0
2021-12-30,22820.0
2021-12-31,22765.0
2022-01-03,22825.0
2022-01-04,22825.0
2022-01-05,22752.0
2022-01-06,22755.0
2022-01-07,22745.0
2022-01-10,22685.0
2022-01-11,22695.0
2022-01-12,22698.0
2022-01-13,22698.0
2022-01-14,22710.0
2022-01-17,22710.0
2022-01-18,22720.0
2022-01-19,22750.0
2022-01-20,22700.0
2022-01-21,22645.0
2022-01-24,22625.0
2022-01-25,22675.0
2022-01-26,22630.0
2022-01-27,22630.0
2022-01-28,22630.0
2022-01-31,22645.0
2022-02-01,22645.0
2022-02-02,22645.0
2022-02-03,22645.0
2022-02-04,22645.0
2022-02-07,22645.0
2022-02-08,22665.0
2022-02-09,22715.0
2022-02-10,22680.0
2022-02-11,22680.0
2022-02-14,22685.0
2022-02-15,22725.0
2022-02-16,22750.0
2022-02-17,22750.0
2022-02-18,22785.0
2022-02-21,22820.0
2022-02-22,22800.0
2022-02-23,22815.0
2022-02-24,22825.0
2022-02-25,22840.0
2022-02-28,22820.0
2022-03-01,22805.0
2022-03-02,22815.0
2022-03-03,22840.0
2022-03-04,22835.0
2022-03-07,22830.0
2022-03-08,22845.0
2022-03-09,22845.0
2022-03-10,22835.0
2022-03-11,22835.0
2022-03-14,22873.0
2022-03-15,22890.0
2022-03-16,22880.0
2022-03-17,22879.0
2022-03-18,22865.0
2022-03-21,22860.0
2022-03-22,22860.0
2022-03-23,22870.0
2022-03-24,22872.0
2022-03-25,22869.0
2022-03-28,22861.0
2022-03-29,22860.0
2022-03-30,22865.0
2022-03-31,22854.0
2022-04-01,22838.0
2022-04-04,22837.0
2022-04-05,22846.0
2022-04-06,22873.0
2022-04-07,22866.0
2022-04-08,22859.0
2022-04-11,22860.0
2022-04-12,22860.0
2022-04-13,22888.0
2022-04-14,22887.0
2022-04-15,22900.0
2022-04-18,22899.0
2022-04-19,22890.0
2022-04-20,22955.0
2022-04-21,22962.0
2022-04-22,22962.0
2022-04-25,22965.0
2022-04-26,22983.0
2022-04-27,22970.0
2022-04-28,22965.0
2022-04-29,22956.0
2022-05-02,22962.0
2022-05-03,22962.0
2022-05-04,22962.0
2022-05-05,22966.0
2022-05-06,22955.0
2022-05-09,22955.0
2022-05-10,22950.0
2022-05-11,22941.0
2022-05-12,23050.0
2022-05-13,23096.0
2022-05-16,23086.0
2022-05-17,23095.0
2022-05-18,23120.0
2022-05-19,23139.0
2022-05-20,23140.0
2022-05-23,23160.0
2022-05-24,23170.0
2022-05-25,23210.0
2022-05-26,23190.0
2022-05-27,23205.0
2022-05-30,23195.0
2022-05-31,23176.0
2022-06-01,23185.0
2022-06-02,23196.0
2022-06-03,23193.0
2022-06-06,23187.0
2022-06-07,23180.0
2022-06-08,23185.0
2022-06-09,23187.0
2022-06-10,23155.0
2022-06-13,23177.0
2022-06-14,23195.0
2022-06-15,23210.0
2022-06-16,23230.0
2022-06-17,23232.0
2022-06-20,23220.0
2022-06-21,23230.0
2022-06-22,23226.0
2022-06-23,23235.0
2022-06-24,23244.0
2022-06-27,23247.0
2022-06-28,23245.0
2022-06-29,23255.0
2022-06-30,23265.0
2022-07-01,23255.0
2022-07-04,23300.0
2022-07-05,23335.0
2022-07-06,23360.0
2022-07-07,23373.0
2022-07-08,23350.0
2022-07-11,23355.0
2022-07-12,23347.0
2022-07-13,23389.0
2022-07-14,23388.0
2022-07-15,23415.0
2022-07-18,23450.0
2022-07-19,23440.0
2022-07-20,23412.0
2022-07-21,23410.0
2022-07-22,23410.0
2022-07-25,23400.0
2022-07-26,23385.0
2022-07-27,23370.0
2022-07-28,23375.0
2022-07-29,23358.0
2022-08-01,23335.0
2022-08-02,23355.0
2022-08-03,23353.0
2022-08-04,23394.0
2022-08-05,23393.0
2022-08-08,23385.0
2022-08-09,23388.0
2022-08-10,23385.0
2022-08-11,23385.0
2022-08-12,23390.0
2022-08-15,23392.0
2022-08-16,23400.0
2022-08-17,23403.0
2022-08-18,23401.0
2022-08-19,23401.0
2022-08-22,23400.0
2022-08-23,23410.0
2022-08-24,23430.0
2022-08-25,23425.0
2022-08-26,23423.0
2022-08-29,23412.0
2022-08-30,23430.0
2022-08-31,23415.0
2022-09-01,23450.0
2022-09-02,23450.0
2022-09-05,23450.0
2022-09-06,23505.0
2022-09-07,23520.0
2022-09-08,23580.0
2022-09-09,23542.0
2022-09-12,23515.0
2022-09-13,23520.0
2022-09-14,23553.0
2022-09-15,23590.0
2022-09-16,23620.0
2022-09-19,23650.0
2022-09-20,23670.0
2022-09-21,23670.0
2022-09-22,23690.0
2022-09-23,23700.0
2022-09-26,23700.0
2022-09-27,23715.0
2022-09-28,23730.0
2022-09-29,23730.0
2022-09-30,23820.0
2022-10-03,23855.0
2022-10-04,23880.0
2022-10-05,23875.0
2022-10-06,23865.0
2022-10-07,23870.0
2022-10-10,23875.0
2022-10-11,23870.0
2022-10-12,23925.0
2022-10-13,23945.0
2022-10-14,24120.0
2022-10-17,24110.0
2022-10-18,24310.0
2022-10-19,24430.0
2022-10-20,24450.0
2022-10-21,24530.0
2022-10-24,24820.0
2022-10-25,24830.0
2022-10-26,24840.0
2022-10-27,24830.0
2022-10-28,24830.0
2022-10-31,24820.0
2022-11-01,24840.0
2022-11-02,24850.0
2022-11-03,24835.0
2022-11-04,24860.0
2022-11-07,24870.0
2022-11-08,24870.0
2022-11-09,24871.0
2022-11-10,24862.0
2022-11-11,24865.0
2022-11-14,24805.0
2022-11-15,24735.0
2022-11-16,24765.0
2022-11-17,24775.0
2022-11-18,24805.0
2022-11-21,24800.0
2022-11-22,24835.0
2022-11-23,24850.0
2022-11-24,24844.0
2022-11-25,24833.0
2022-11-28,24760.0
2022-11-29,24770.0
2022-11-30,24750.0
2022-12-01,24630.0
2022-12-02,24500.0
2022-12-05,24350.0
2022-12-06,23980.0
2022-12-07,23980.0
2022-12-08,23900.0
2022-12-09,23780.0
2022-12-12,23550.0
2022-12-13,23680.0
2022-12-14,23600.0
2022-12-15,23520.0
2022-12-16,23500.0
2022-12-19,23580.0
2022-12-20,23700.0
2022-12-21,23730.0
2022-12-22,23700.0
2022-12-23,23630.0
2022-12-26,23560.0
2022-12-27,23590.0
2022-12-28,23580.0
2022-12-29,23620.0
2022-12-30,23600.0
2023-01-02,23610.0
2023-01-03,23610.0
2023-01-04,23515.0
2023-01-05,23510.0
2023-01-06,23475.0
2023-01-09,23460.0
2023-01-10,23447.0
2023-01-11,23445.0
2023-01-12,23440.0
2023-01-13,23438.0
2023-01-16,23435.0
2023-01-17,23434.0
2023-01-18,23427.0
2023-01-19,23437.0
2023-01-20,23440.0
2023-01-23,23440.0
2023-01-24,23440.0
2023-01-25,23440.0
2023-01-26,23440.0
2023-01-27,23440.0
2023-01-30,23460.0
2023-01-31,23470.0
2023-02-01,23445.0
2023-02-02,23440.0
2023-02-03,23449.0
2023-02-06,23440.0
2023-02-07,23480.0
2023-02-08,23600.0
2023-02-09,23590.0
2023-02-10,23560.0
2023-02-13,23565.0
2023-02-14,23595.0
2023-02-15,23600.0
2023-02-16,23615.0
2023-02-17,23680.0
2023-02-20,23810.0
2023-02-21,23725.0
2023-02-22,23705.0
2023-02-23,23780.0
2023-02-24,23815.0
2023-02-27,23780.0
2023-02-28,23805.0
2023-03-01,23740.0
2023-03-02,23710.0
2023-03-03,23700.0
2023-03-06,23710.0
2023-03-07,23650.0
2023-03-08,23640.0
2023-03-09,23710.0
2023-03-10,23680.0
2023-03-13,23660.0
2023-03-14,23570.0
2023-03-15,23570.0
2023-03-16,23565.0
2023-03-17,23560.0
2023-03-20,23570.0
2023-03-21,23570.0
2023-03-22,23570.0
2023-03-23,23510.0
2023-03-24,23490.0
2023-03-27,23510.0
2023-03-28,23500.0
2023-03-29,23480.0
2023-03-30,23480.0
2023-03-31,23470.0
2023-04-03,23450.0
2023-04-04,23470.0
2023-04-05,23460.0
2023-04-06,23465.0
2023-04-07,23451.0
2023-04-10,23442.0
2023-04-11,23442.0
2023-04-12,23445.0
2023-04-13,23442.0
2023-04-14,23440.0
2023-04-17,23440.0
2023-04-18,23485.0
2023-04-19,23505.0
2023-04-20,23511.0
2023-04-21,23488.0
2023-04-24,23485.0
2023-04-25,23494.0
2023-04-26,23473.0
2023-04-27,23465.0
2023-04-28,23445.0
2023-05-01,23450.0
2023-05-02,23450.0
2023-05-03,23450.0
2023-05-04,23450.0
2023-05-05,23445.0
2023-05-08,23440.0
2023-05-09,23443.0
2023-05-10,23460.0
2023-05-11,23465.0
2023-05-12,23465.0
2023-05-15,23450.0
2023-05-16,23452.0
2023-05-17,23450.0
2023-05-18,23450.0
2023-05-19,23450.0
2023-05-22,23460.0
2023-05-23,23438.0
2023-05-24,23470.0
2023-05-25,23470.0
2023-05-26,23470.0
2023-05-29,23475.0
2023-05-30,23465.0
2023-05-31,23480.0
2023-06-01,23485.0
2023-06-02,23485.0
2023-06-05,23475.0
2023-06-06,23495.0
2023-06-07,23485.0
2023-06-08,23485.0
2023-06-09,23490.0
2023-06-12,23470.0
2023-06-13,23480.0
2023-06-14,23495.0
2023-06-15,23500.0
2023-06-16,23525.0
2023-06-19,23520.0
2023-06-20,23520.0
2023-06-21,23520.0
2023-06-22,23505.0
2023-06-23,23515.0
2023-06-26,23515.0
2023-06-27,23530.0
2023-06-28,23520.0
2023-06-29,23555.0
2023-06-30,23569.0
2023-07-03,23575.0
2023-07-04,23695.0
2023-07-05,23700.0
2023-07-06,23745.0
2023-07-07,23710.0
2023-07-10,23635.0
2023-07-11,23640.0
2023-07-12,23690.0
2023-07-13,23660.0
2023-07-14,23665.0
2023-07-17,23630.0
2023-07-18,23630.0
2023-07-19,23635.0
2023-07-20,23630.0
2023-07-21,23647.0
2023-07-24,23656.0
2023-07-25,23665.0
2023-07-26,23655.0
2023-07-27,23665.0
2023-07-28,23661.0
2023-07-31,23685.0
2023-08-01,23680.0
2023-08-02,23680.0
2023-08-03,23735.0
2023-08-04,23750.0
2023-08-07,23725.0
2023-08-08,23720.0
2023-08-09,23730.0
2023-08-10,23735.0
2023-08-11,23740.0
2023-08-14,23750.0
2023-08-15,23815.0
2023-08-16,23965.0
2023-08-17,23935.0
2023-08-18,23850.0
2023-08-21,23850.0
2023-08-22,23850.0
2023-08-23,23850.0
2023-08-24,23900.0
2023-08-25,23900.0
2023-08-28,23975.0
2023-08-29,24080.0
2023-08-30,24180.0
2023-08-31,24110.0
2023-09-01,24060.0
2023-09-04,24060.0
2023-09-05,24060.0
2023-09-06,24050.0
2023-09-07,24055.0
2023-09-08,24060.0
2023-09-11,24055.0
2023-09-12,24075.0
2023-09-13,24100.0
2023-09-14,24080.0
2023-09-15,24220.0
2023-09-18,24250.0
2023-09-19,24370.0
2023-09-20,24370.0
2023-09-21,24270.0
2023-09-22,24310.0
2023-09-25,24360.0
2023-09-26,24380.0
2023-09-27,24380.0
2023-09-28,24385.0
2023-09-29,24385.0
2023-10-02,24280.0
2023-10-03,24340.0
2023-10-04,24385.0
2023-10-05,24420.0
2023-10-06,24380.0
2023-10-09,24360.0
2023-10-10,24370.0
2023-10-11,24390.0
2023-10-12,24440.0
2023-10-13,24435.0
2023-10-16,24440.0
2023-10-17,24460.0
2023-10-18,24490.0
2023-10-19,24555.0
2023-10-20,24550.0
2023-10-23,24520.0
2023-10-24,24590.0
2023-10-25,24550.0
2023-10-26,24560.0
2023-10-27,24604.0
2023-10-30,24570.0
2023-10-31,24558.0
2023-11-01,24560.0
2023-11-02,24585.0
2023-11-03,24570.0
2023-11-06,24520.0
2023-11-07,24335.0
2023-11-08,24310.0
2023-11-09,24370.0
2023-11-10,24340.0
2023-11-13,24315.0
2023-11-14,24381.0
2023-11-15,24376.0
2023-11-16,24286.0
2023-11-17,24288.0
2023-11-20,24250.0
2023-11-21,24170.0
2023-11-22,24130.0
2023-11-23,24205.0
2023-11-24,24240.0
2023-11-27,24260.0
2023-11-28,24230.0
2023-11-29,24240.0
2023-11-30,24260.0
2023-12-01,24250.0
2023-12-04,24270.0
2023-12-05,24250.0
2023-12-06,24266.0
2023-12-07,24274.0
2023-12-08,24275.0
2023-12-11,24220.0
2023-12-12,24250.0
2023-12-13,24260.0
2023-12-14,24279.0
2023-12-15,24245.0
2023-12-18,24260.0
2023-12-19,24350.0
2023-12-20,24350.0
2023-12-21,24335.0
2023-12-22,24320.0
2023-12-25,24235.0
2023-12-26,24230.0
2023-12-27,24325.0
2023-12-28,24345.0
2023-12-29,24235.0
2024-01-01,24260.0
2024-01-02,24260.0
2024-01-03,24325.0
2024-01-04,24370.0
2024-01-05,24360.0
2024-01-08,24370.0
2024-01-09,24330.0
2024-01-10,24360.0
2024-01-11,24405.0
2024-01-12,24475.0
2024-01-15,24490.0
2024-01-16,24470.0
2024-01-17,24500.0
2024-01-18,24500.0
2024-01-19,24545.0
2024-01-22,24540.0
2024-01-23,24550.0
2024-01-24,24565.0
2024-01-25,24600.0
2024-01-26,24605.0
2024-01-29,24595.0
2024-01-30,24530.0
2024-01-31,24395.0
2024-02-01,24415.0
2024-02-02,24400.0
2024-02-05,24335.0
2024-02-06,24370.0
