"purchase_price","selling_price","date_actual"
"76.5","78.7","2024-02-06"
"76.2","78.4","2024-02-05"
"75.9","78.3","2024-02-03"
"76.4","78.7","2024-02-02"
"76.2","78.4","2024-02-01"
"75.4","77.9","2024-01-31"
"74.9","77.4","2024-01-30"
"74.4","76.8","2024-01-29"
"74.4","76.8","2024-01-27"
"74.4","76.8","2024-01-26"
"74.0","76.5","2024-01-25"
"74.2","76.7","2024-01-24"
"74.0","76.5","2024-01-23"
"73.5","76.0","2024-01-22"
"74.3","76.9","2024-01-20"
"74.3","76.9","2024-01-19"
"74.0","76.3","2024-01-18"
"73.9","76.3","2024-01-17"
"74.5","76.7","2024-01-16"
"74.3","76.5","2024-01-15"
"74.5","77.5","2024-01-13"
"73.7","76.0","2024-01-12"
"73.2","75.3","2024-01-11"
"72.1","74.75","2024-01-10"
"72.0","74.7","2024-01-09"
"71.5","74.2","2024-01-08"
"72.5","75.2","2024-01-06"
"72.5","75.2","2024-01-05"
"72.5","75.2","2024-01-04"
"73.0","76.0","2024-01-03"
"72.5","75.5","2024-01-02"
"70.0","73.9","2023-12-30"
"72.5","76.0","2023-12-29"
"74.5","77.5","2023-12-28"
"77.8","79.6","2023-12-27"
"77.4","79.2","2023-12-26"
"77.5","78.5","2023-12-25"
"75.75","76.95","2023-12-23"
"75.75","76.95","2023-12-22"
"74.9","75.8","2023-12-21"
"74.6","75.5","2023-12-20"
"74.0","74.9","2023-12-19"
"73.4","74.4","2023-12-18"
"73.4","74.4","2023-12-16"
"73.5","74.5","2023-12-15"
"73.3","74.3","2023-12-14"
"72.7","73.7","2023-12-13"
"72.5","73.5","2023-12-12"
"72.8","73.8","2023-12-11"
"73.0","74.1","2023-12-09"
"73.2","74.2","2023-12-08"
"73.2","74.3","2023-12-07"
"73.2","74.3","2023-12-06"
"73.2","74.3","2023-12-05"
"73.2","74.3","2023-12-04"
"72.7","73.9","2023-12-02"
"72.4","73.6","2023-12-01"
"72.4","73.6","2023-11-30"
"72.3","73.6","2023-11-29"
"72.6","73.6","2023-11-28"
"71.6","72.5","2023-11-27"
"71.2","72.1","2023-11-25"
"71.0","71.9","2023-11-24"
"70.8","71.7","2023-11-23"
"71.2","72.1","2023-11-22"
"70.5","71.2","2023-11-21"
"70.1","70.85","2023-11-20"
"70.0","70.85","2023-11-18"
"70.0","70.85","2023-11-17"
"69.7","70.5","2023-11-16"
"69.7","70.5","2023-11-15"
"69.6","70.4","2023-11-14"
"69.3","70.3","2023-11-13"
"69.2","70.2","2023-11-11"
"69.4","70.45","2023-11-10"
"69.2","70.2","2023-11-09"
"69.3","70.35","2023-11-08"
"68.9","69.9","2023-11-07"
"68.6","70.0","2023-11-06"
"68.9","70.0","2023-11-05"
"69.4","70.35","2023-11-04"
"69.7","70.4","2023-11-03"
"69.9","70.6","2023-11-02"
"70.15","70.9","2023-11-01"
"70.05","70.85","2023-10-31"
"69.85","70.6","2023-10-30"
"70.1","71.0","2023-10-28"
"70.1","70.9","2023-10-27"
"70.0","70.75","2023-10-26"
"69.6","70.35","2023-10-25"
"69.9","70.65","2023-10-24"
"70.05","70.8","2023-10-23"
"70.2","71.1","2023-10-21"
"70.25","71.1","2023-10-20"
"69.75","70.45","2023-10-19"
"69.65","70.35","2023-10-18"
"69.5","70.2","2023-10-17"
"69.7","70.4","2023-10-16"
"69.8","71.0","2023-10-14"
"69.5","70.15","2023-10-13"
"69.65","70.35","2023-10-12"
"69.05","69.75","2023-10-11"
"69.0","69.7","2023-10-10"
"68.9","69.65","2023-10-09"
"68.5","69.2","2023-10-07"
"68.4","69.1","2023-10-06"
"68.3","69.0","2023-10-05"
"68.15","68.85","2023-10-04"
"68.3","69.0","2023-10-03"
"68.3","68.95","2023-10-02"
"68.1","68.8","2023-09-30"
"68.1","68.8","2023-09-29"
"68.1","68.8","2023-09-28"
"68.1","68.8","2023-09-27"
"68.1","68.8","2023-09-26"
"68.2","69.05","2023-09-25"
"68.4","69.15","2023-09-23"
"68.4","69.15","2023-09-22"
"68.6","69.3","2023-09-21"
"68.6","69.3","2023-09-20"
"68.6","69.3","2023-09-19"
"68.5","69.25","2023-09-18"
"68.0","68.8","2023-09-16"
"68.0","68.8","2023-09-15"
"67.9","68.6","2023-09-14"
"68.0","68.7","2023-09-13"
"68.2","68.9","2023-09-12"
"68.2","68.9","2023-09-11"
"68.1","68.85","2023-09-09"
"68.1","68.85","2023-09-08"
"67.9","68.5","2023-09-07"
"67.8","68.4","2023-09-06"
"67.75","68.35","2023-09-05"
"67.6","68.3","2023-09-04"
"67.6","68.3","2023-08-31"
"67.6","68.3","2023-08-30"
"67.45","68.1","2023-08-29"
"67.4","68.05","2023-08-28"
"67.3","67.95","2023-08-26"
"67.3","67.95","2023-08-25"
"67.45","68.05","2023-08-24"
"67.25","67.9","2023-08-23"
"66.95","67.6","2023-08-22"
"67.05","67.65","2023-08-21"
"67.05","67.65","2023-08-19"
"67.05","67.65","2023-08-18"
"66.95","67.55","2023-08-17"
"66.9","67.5","2023-08-16"
"67.0","67.6","2023-08-15"
"66.9","67.5","2023-08-14"
"66.75","67.3","2023-08-12"
"66.75","67.3","2023-08-11"
"66.75","67.3","2023-08-10"
"66.75","67.35","2023-08-09"
"66.75","67.3","2023-08-08"
"66.75","67.3","2023-08-07"
"66.7","67.25","2023-08-05"
"66.7","67.25","2023-08-04"
"66.7","67.2","2023-08-03"
"66.7","67.25","2023-08-02"
"66.6","67.2","2023-08-01"
"66.6","67.2","2023-07-31"
"66.6","67.2","2023-07-29"
"66.6","67.2","2023-07-28"
"66.6","67.15","2023-07-27"
"66.7","67.2","2023-07-26"
"66.7","67.2","2023-07-25"
"66.45","67.1","2023-07-24"
"66.45","67.1","2023-07-22"
"66.7","67.2","2023-07-21"
"66.7","67.2","2023-07-20"
"66.7","67.2","2023-07-19"
"66.6","67.15","2023-07-18"
"66.6","67.1","2023-07-17"
"66.75","67.3","2023-07-15"
"66.75","67.3","2023-07-14"
"66.75","67.3","2023-07-13"
"66.65","67.15","2023-07-12"
"66.55","67.1","2023-07-11"
"66.5","67.0","2023-07-10"
"66.5","67.0","2023-07-08"
"66.45","66.95","2023-07-07"
"66.45","66.95","2023-07-06"
"66.5","66.95","2023-07-04"
"66.5","66.95","2023-07-03"
"66.5","67.0","2023-07-01"
"66.45","66.95","2023-06-30"
"66.45","66.95","2023-06-29"
"66.45","66.95","2023-06-28"
"66.45","66.95","2023-06-27"
"66.5","67.0","2023-06-26"
"66.45","66.95","2023-06-24"
"66.45","66.95","2023-06-23"
"66.45","67.0","2023-06-22"
"66.45","67.0","2023-06-21"
"66.5","67.05","2023-06-20"
"66.5","67.1","2023-06-19"
"66.6","67.15","2023-06-17"
"66.6","67.15","2023-06-16"
"66.5","67.1","2023-06-15"
"66.45","66.95","2023-06-14"
"66.45","67.0","2023-06-13"
"66.45","67.0","2023-06-12"
"66.5","67.1","2023-06-10"
"66.5","67.1","2023-06-09"
"66.45","67.0","2023-06-08"
"66.5","67.0","2023-06-07"
"66.6","67.1","2023-06-06"
"66.4","67.0","2023-06-05"
"66.4","67.0","2023-06-03"
"66.5","67.05","2023-06-02"
"66.5","67.05","2023-06-01"
"66.5","67.05","2023-05-31"
"66.4","66.95","2023-05-30"
"66.4","67.0","2023-05-29"
"66.46","67.0","2023-05-27"
"66.46","67.0","2023-05-26"
"66.45","67.0","2023-05-25"
"66.55","67.1","2023-05-24"
"66.6","67.15","2023-05-23"
"66.7","67.2","2023-05-22"
"66.7","67.25","2023-05-20"
"66.6","67.15","2023-05-19"
"66.6","67.2","2023-05-18"
"66.55","67.15","2023-05-17"
"66.65","67.25","2023-05-16"
"66.6","67.2","2023-05-15"
"66.6","67.2","2023-05-13"
"66.6","67.2","2023-05-12"
"66.65","67.25","2023-05-11"
"66.6","67.15","2023-05-10"
"66.6","67.15","2023-05-09"
"66.55","67.1","2023-05-08"
"66.55","67.15","2023-05-06"
"66.55","67.15","2023-05-05"
"66.65","67.25","2023-05-04"
"66.6","67.2","2023-05-03"
"66.6","67.2","2023-04-28"
"66.6","67.2","2023-04-27"
"66.55","67.15","2023-04-26"
"66.5","67.05","2023-04-25"
"66.45","67.0","2023-04-24"
"66.45","67.0","2023-04-22"
"66.45","67.0","2023-04-21"
"66.4","66.95","2023-04-20"
"66.4","66.95","2023-04-19"
"66.55","67.1","2023-04-18"
"66.5","67.05","2023-04-17"
"66.45","67.0","2023-04-15"
"66.65","67.25","2023-04-14"
"66.55","67.15","2023-04-13"
"66.45","67.0","2023-04-12"
"66.4","67.0","2023-04-11"
"66.35","66.95","2023-04-10"
"66.45","67.05","2023-04-08"
"66.45","67.05","2023-04-07"
"66.5","67.1","2023-04-06"
"66.65","67.25","2023-04-05"
"66.5","67.1","2023-04-04"
"66.25","66.9","2023-04-03"
"66.45","67.05","2023-04-01"
"66.45","67.05","2023-03-31"
"66.35","66.95","2023-03-30"
"66.4","67.1","2023-03-29"
"66.5","67.2","2023-03-28"
"66.65","67.25","2023-03-27"
"66.55","67.25","2023-03-25"
"66.55","67.25","2023-03-24"
"66.6","67.25","2023-03-23"
"66.5","67.15","2023-03-22"
"66.6","67.4","2023-03-21"
"66.7","67.5","2023-03-20"
"66.6","67.7","2023-03-18"
"66.5","67.2","2023-03-17"
"66.15","67.0","2023-03-16"
"66.0","66.7","2023-03-15"
"66.15","66.9","2023-03-14"
"66.35","67.0","2023-03-13"
"66.0","66.8","2023-03-11"
"66.0","66.65","2023-03-10"
"65.85","66.55","2023-03-09"
"65.8","66.5","2023-03-08"
"66.1","66.75","2023-03-07"
"66.15","66.8","2023-03-06"
"66.25","66.95","2023-03-04"
"66.15","66.85","2023-03-03"
"66.2","66.85","2023-03-02"
"66.2","66.85","2023-03-01"
"66.1","66.8","2023-02-28"
"66.05","66.7","2023-02-27"
"66.15","66.9","2023-02-25"
"66.2","66.95","2023-02-24"
"66.3","67.0","2023-02-23"
"66.3","67.1","2023-02-22"
"66.3","67.15","2023-02-21"
"66.3","67.15","2023-02-20"
"66.3","67.15","2023-02-18"
"66.3","67.1","2023-02-17"
"66.3","67.1","2023-02-16"
"66.4","67.2","2023-02-15"
"66.5","67.3","2023-02-14"
"66.4","67.2","2023-02-13"
"66.5","67.3","2023-02-11"
"66.5","67.3","2023-02-10"
"66.6","67.4","2023-02-09"
"66.6","67.4","2023-02-08"
"66.5","67.3","2023-02-07"
"66.3","67.1","2023-02-06"
"66.5","67.4","2023-02-04"
"66.8","67.5","2023-02-03"
"66.7","67.7","2023-02-02"
"66.3","67.3","2023-02-01"
"66.3","67.5","2023-01-31"
"66.3","67.3","2023-01-30"
"67.5","68.5","2023-01-28"
"67.2","68.2","2023-01-27"
"66.9","67.8","2023-01-19"
"66.4","67.5","2023-01-18"
"66.4","67.4","2023-01-17"
"66.2","67.1","2023-01-16"
"66.3","67.2","2023-01-14"
"66.3","67.2","2023-01-13"
"66.0","66.9","2023-01-12"
"66.0","66.9","2023-01-11"
"65.9","66.8","2023-01-10"
"66.0","66.8","2023-01-09"
"66.3","67.2","2023-01-07"
"66.0","66.9","2023-01-06"
"66.3","67.2","2023-01-05"
"66.3","67.2","2023-01-04"
"66.3","67.2","2023-01-03"
"65.9","66.7","2022-12-31"
"65.9","66.7","2022-12-30"
"65.8","66.6","2022-12-29"
"65.8","66.6","2022-12-28"
"65.8","66.7","2022-12-27"
"66.1","67.0","2022-12-26"
"66.0","66.9","2022-12-24"
"66.0","66.9","2022-12-23"
"65.9","66.8","2022-12-22"
"65.9","66.8","2022-12-21"
"66.4","67.2","2022-12-20"
"66.1","66.9","2022-12-19"
"66.2","67.0","2022-12-17"
"66.1","66.9","2022-12-16"
"65.8","66.6","2022-12-15"
"66.2","67.0","2022-12-14"
"66.1","66.9","2022-12-13"
"66.4","67.2","2022-12-12"
"66.3","67.1","2022-12-10"
"66.3","67.1","2022-12-09"
"66.1","66.9","2022-12-08"
"66.1","66.9","2022-12-07"
"66.4","67.2","2022-12-06"
"66.3","67.1","2022-12-05"
"66.2","67.0","2022-12-03"
"66.3","67.1","2022-12-02"
"66.8","67.6","2022-12-01"
"66.5","67.3","2022-11-30"
"66.3","67.2","2022-11-29"
"66.5","67.3","2022-11-28"
"66.9","67.7","2022-11-26"
"66.9","67.7","2022-11-25"
"66.7","67.5","2022-11-24"
"66.3","67.3","2022-11-23"
"66.4","67.3","2022-11-22"
"66.6","67.5","2022-11-21"
"66.6","67.5","2022-11-19"
"66.7","67.6","2022-11-18"
"66.6","67.5","2022-11-17"
"66.75","67.65","2022-11-16"
"66.8","67.8","2022-11-15"
"66.5","67.5","2022-11-14"
"66.6","67.6","2022-11-12"
"66.6","67.6","2022-11-11"
"66.5","67.4","2022-11-10"
"66.5","67.4","2022-11-09"
"66.2","67.1","2022-11-08"
"66.4","67.3","2022-11-07"
"66.8","67.7","2022-11-05"
"66.3","67.2","2022-11-04"
"66.0","66.9","2022-11-03"
"66.3","67.2","2022-11-02"
"66.1","67.0","2022-11-01"
"66.1","67.0","2022-10-31"
"66.1","67.0","2022-10-29"
"66.2","67.1","2022-10-28"
"66.3","67.2","2022-10-27"
"66.4","67.4","2022-10-26"
"66.2","67.1","2022-10-25"
"66.4","67.3","2022-10-24"
"66.7","67.6","2022-10-22"
"66.3","67.2","2022-10-21"
"66.3","67.2","2022-10-20"
"66.1","67.0","2022-10-19"
"66.2","67.1","2022-10-18"
"66.2","67.1","2022-10-17"
"66.1","67.0","2022-10-15"
"66.1","67.1","2022-10-14"
"66.0","67.0","2022-10-13"
"65.9","66.9","2022-10-12"
"65.9","66.9","2022-10-11"
"66.2","67.2","2022-10-10"
"65.0","65.8","2022-10-08"
"65.0","65.8","2022-10-07"
"65.0","65.9","2022-10-06"
"65.4","66.4","2022-10-05"
"65.4","66.4","2022-10-04"
"65.2","66.2","2022-10-03"
"65.1","66.1","2022-10-01"
"65.2","66.2","2022-09-30"
"64.5","65.5","2022-09-29"
"64.1","65.1","2022-09-28"
"64.6","65.6","2022-09-27"
"65.6","66.4","2022-09-26"
"65.7","66.5","2022-09-24"
"65.8","66.6","2022-09-23"
"65.8","66.6","2022-09-22"
"65.8","66.6","2022-09-21"
"65.8","66.6","2022-09-20"
"65.7","66.5","2022-09-19"
"65.75","66.55","2022-09-17"
"65.7","66.5","2022-09-16"
"65.95","66.75","2022-09-15"
"66.0","66.8","2022-09-14"
"66.2","67.0","2022-09-13"
"66.2","67.0","2022-09-12"
"66.1","67.0","2022-09-10"
"66.1","67.0","2022-09-09"
"66.1","66.9","2022-09-08"
"65.9","66.7","2022-09-07"
"66.0","66.8","2022-09-06"
"65.9","66.7","2022-09-05"
"65.7","66.5","2022-09-01"
"65.7","66.5","2022-08-31"
"65.9","66.7","2022-08-30"
"65.7","66.5","2022-08-29"
"66.1","66.9","2022-08-27"
"66.1","66.9","2022-08-26"
"66.1","66.9","2022-08-25"
"66.2","67.1","2022-08-24"
"66.1","67.0","2022-08-23"
"66.1","67.0","2022-08-22"
"66.2","67.1","2022-08-20"
"66.1","67.0","2022-08-19"
"66.3","67.05","2022-08-18"
"66.3","67.05","2022-08-17"
"66.0","66.9","2022-08-16"
"66.1","67.0","2022-08-15"
"66.6","67.55","2022-08-13"
"66.4","67.4","2022-08-12"
"66.2","67.2","2022-08-11"
"66.0","67.0","2022-08-10"
"66.2","67.2","2022-08-09"
"66.3","67.25","2022-08-08"
"66.6","67.6","2022-08-06"
"66.6","67.6","2022-08-05"
"66.4","67.4","2022-08-04"
"66.0","67.0","2022-08-03"
"67.4","68.4","2022-08-02"
"67.0","68.0","2022-08-01"
"65.7","66.7","2022-07-30"
"65.7","66.7","2022-07-29"
"65.0","66.0","2022-07-28"
"65.0","66.05","2022-07-27"
"65.2","66.4","2022-07-26"
"65.2","66.4","2022-07-25"
"64.9","66.4","2022-07-23"
"64.9","66.4","2022-07-22"
"63.3","65.3","2022-07-21"
"64.5","66.3","2022-07-20"
"63.3","65.3","2022-07-19"
"62.8","64.8","2022-07-18"
"67.35","67.95","2022-07-16"
"67.3","67.9","2022-07-15"
"67.6","68.2","2022-07-14"
"67.6","68.2","2022-07-13"
"67.65","68.25","2022-07-12"
"67.6","68.25","2022-07-11"
"67.9","68.5","2022-07-09"
"67.9","68.5","2022-07-08"
"67.7","68.3","2022-07-07"
"67.7","68.4","2022-07-06"
"68.1","68.7","2022-07-05"
"68.1","68.7","2022-07-04"
"68.1","68.7","2022-07-01"
"68.3","68.9","2022-06-30"
"68.0","68.8","2022-06-29"
"67.8","68.7","2022-06-28"
"67.8","68.6","2022-06-27"
"67.7","68.5","2022-06-25"
"67.7","68.5","2022-06-24"
"67.8","68.6","2022-06-23"
"67.8","68.5","2022-06-22"
"67.8","68.6","2022-06-21"
"67.8","68.6","2022-06-20"
"67.8","68.7","2022-06-18"
"67.8","68.7","2022-06-17"
"67.6","68.4","2022-06-16"
"67.6","68.4","2022-06-15"
"67.6","68.4","2022-06-14"
"67.9","68.7","2022-06-13"
"69.0","69.7","2022-06-11"
"68.5","69.4","2022-06-10"
"68.7","69.6","2022-06-09"
"68.7","69.6","2022-06-08"
"68.6","69.5","2022-06-07"
"68.6","69.5","2022-06-06"
"68.8","69.7","2022-06-04"
"68.8","69.7","2022-06-03"
"68.4","69.4","2022-06-02"
"68.3","69.3","2022-06-01"
"68.1","69.1","2022-05-31"
"68.2","69.2","2022-05-30"
"68.4","69.4","2022-05-28"
"68.4","69.4","2022-05-27"
"68.2","69.2","2022-05-26"
"68.0","69.0","2022-05-25"
"68.9","69.9","2022-05-24"
"68.9","69.9","2022-05-23"
"68.9","69.8","2022-05-21"
"68.75","69.5","2022-05-20"
"68.3","69.25","2022-05-19"
"68.3","69.25","2022-05-18"
"68.3","69.25","2022-05-17"
"68.45","69.3","2022-05-16"
"68.8","69.7","2022-05-14"
"69.1","69.8","2022-05-13"
"69.6","70.2","2022-05-12"
"69.5","70.2","2022-05-11"
"69.4","70.1","2022-05-10"
"69.65","70.3","2022-05-09"
"69.8","70.45","2022-05-07"
"69.7","70.4","2022-05-06"
"69.6","70.3","2022-05-05"
"69.4","70.1","2022-05-04"
"69.5","70.3","2022-05-03"
"69.5","70.3","2022-04-29"
"69.2","69.95","2022-04-28"
"69.3","70.05","2022-04-27"
"69.4","70.1","2022-04-26"
"69.5","70.2","2022-04-25"
"69.7","70.4","2022-04-23"
"69.8","70.5","2022-04-22"
"69.8","70.45","2022-04-21"
"69.3","70.1","2022-04-20"
"70.0","70.75","2022-04-19"
"70.3","71.0","2022-04-18"
"69.0","69.7","2022-04-16"
"69.0","69.7","2022-04-15"
"68.9","69.5","2022-04-14"
"69.1","69.8","2022-04-13"
"68.8","69.45","2022-04-12"
"68.6","69.4","2022-04-09"
"68.3","69.0","2022-04-08"
"68.2","68.8","2022-04-07"
"68.2","68.8","2022-04-06"
"68.2","68.8","2022-04-05"
"68.2","68.9","2022-04-04"
"68.4","69.1","2022-04-02"
"68.4","69.1","2022-04-01"
"68.1","68.85","2022-03-31"
"68.0","68.7","2022-03-30"
"68.4","69.15","2022-03-29"
"68.6","69.3","2022-03-28"
"68.5","69.25","2022-03-26"
"68.5","69.25","2022-03-25"
"68.2","68.9","2022-03-24"
"67.9","68.8","2022-03-23"
"67.8","68.75","2022-03-22"
"67.6","68.6","2022-03-21"
"67.8","68.8","2022-03-19"
"68.0","69.0","2022-03-18"
"67.5","68.7","2022-03-17"
"67.0","68.2","2022-03-16"
"67.0","68.5","2022-03-15"
"67.4","69.0","2022-03-14"
"68.5","70.5","2022-03-12"
"68.5","70.5","2022-03-11"
"67.6","69.6","2022-03-10"
"68.4","70.2","2022-03-09"
"70.2","72.3","2022-03-08"
"70.9","74.0","2022-03-07"
"67.3","69.3","2022-03-06"
"67.1","68.5","2022-03-05"
"66.8","67.8","2022-03-04"
"66.3","67.3","2022-03-03"
"66.5","67.3","2022-03-02"
"65.6","66.4","2022-03-01"
"64.95","65.95","2022-02-28"
"64.2","65.5","2022-02-26"
"64.7","65.8","2022-02-25"
"65.0","66.9","2022-02-24"
"63.3","63.9","2022-02-23"
"63.0","63.6","2022-02-22"
"62.8","63.4","2022-02-21"
"62.55","63.2","2022-02-19"
"62.55","63.2","2022-02-18"
"62.5","63.2","2022-02-17"
"62.2","62.85","2022-02-16"
"62.15","62.8","2022-02-15"
"62.2","62.9","2022-02-14"
"61.8","62.5","2022-02-12"
"61.55","62.35","2022-02-11"
"61.1","62.25","2022-02-10"
"61.3","62.1","2022-02-09"
"61.8","62.5","2022-02-08"
"62.4","63.4","2022-02-07"
"61.8","62.5","2022-02-04"
"61.8","62.5","2022-01-29"
"61.9","62.55","2022-01-28"
"61.8","62.4","2022-01-27"
"61.85","62.45","2022-01-26"
"61.9","62.5","2022-01-25"
"61.5","62.1","2022-01-24"
"61.0","61.7","2022-01-22"
"61.0","61.7","2022-01-21"
"61.0","61.65","2022-01-20"
"61.0","61.7","2022-01-19"
"60.9","61.65","2022-01-18"
"60.9","61.6","2022-01-17"
"60.9","61.6","2022-01-15"
"60.9","61.55","2022-01-14"
"61.0","61.65","2022-01-13"
"61.15","61.65","2022-01-12"
"61.0","61.65","2022-01-11"
"60.8","61.5","2022-01-10"
"60.9","61.6","2022-01-08"
"60.75","61.45","2022-01-07"
"60.7","61.4","2022-01-06"
"60.95","61.65","2022-01-05"
"60.8","61.5","2022-01-04"
"61.0","61.7","2022-01-03"
"60.9","61.6","2021-12-31"
"60.5","61.2","2021-12-30"
"60.6","61.3","2021-12-29"
"60.8","61.5","2021-12-28"
"60.8","61.5","2021-12-27"
"60.8","61.5","2021-12-25"
"60.8","61.5","2021-12-24"
"60.9","61.6","2021-12-23"
"60.8","61.5","2021-12-22"
"60.8","61.5","2021-12-21"
"61.0","61.7","2021-12-20"
"60.95","61.65","2021-12-18"
"60.95","61.65","2021-12-17"
"60.8","61.5","2021-12-16"
"60.6","61.3","2021-12-15"
"60.9","61.6","2021-12-14"
"60.8","61.5","2021-12-13"
"60.7","61.4","2021-12-11"
"60.55","61.25","2021-12-10"
"60.55","61.25","2021-12-09"
"60.4","61.1","2021-12-08"
"60.65","61.35","2021-12-07"
"60.7","61.4","2021-12-06"
"60.2","61.0","2021-12-04"
"60.15","60.85","2021-12-03"
"60.0","60.7","2021-12-02"
"59.8","60.55","2021-12-01"
"59.9","60.65","2021-11-30"
"59.9","60.6","2021-11-29"
"60.0","60.8","2021-11-27"
"60.3","61.0","2021-11-26"
"59.45","60.15","2021-11-25"
"59.4","60.1","2021-11-24"
"59.2","60.0","2021-11-23"
"59.2","60.0","2021-11-22"
"59.3","60.5","2021-11-20"
"60.0","60.8","2021-11-19"
"61.0","61.75","2021-11-18"
"61.0","61.8","2021-11-17"
"61.1","61.9","2021-11-16"
"60.1","60.8","2021-11-15"
"60.0","60.8","2021-11-13"
"60.0","60.7","2021-11-12"
"59.3","60.0","2021-11-11"
"58.65","59.3","2021-11-10"
"58.6","59.2","2021-11-09"
"58.3","58.95","2021-11-08"
"58.1","58.75","2021-11-06"
"58.1","58.75","2021-11-05"
"57.85","58.5","2021-11-04"
"57.85","58.5","2021-11-03"
"57.85","58.5","2021-11-02"
"57.6","58.25","2021-11-01"
"57.7","58.4","2021-10-30"
"57.7","58.4","2021-10-29"
"57.8","58.5","2021-10-28"
"57.95","58.65","2021-10-27"
"57.8","58.5","2021-10-26"
"57.6","58.25","2021-10-25"
"57.55","58.2","2021-10-23"
"57.5","58.15","2021-10-22"
"57.3","58.0","2021-10-21"
"57.3","58.0","2021-10-20"
"57.35","58.0","2021-10-19"
"57.0","57.75","2021-10-18"
"57.0","57.75","2021-10-16"
"57.0","57.75","2021-10-15"
"57.35","58.05","2021-10-14"
"57.35","58.05","2021-10-13"
"57.35","58.05","2021-10-12"
"57.25","57.95","2021-10-11"
"57.15","57.85","2021-10-09"
"57.15","57.85","2021-10-08"
"57.1","57.75","2021-10-07"
"56.8","57.55","2021-10-06"
"56.7","57.6","2021-10-05"
"56.6","57.4","2021-10-04"
"56.55","57.3","2021-10-02"
"56.5","57.3","2021-10-01"
"56.4","57.2","2021-09-30"
"56.5","57.2","2021-09-29"
"56.4","57.3","2021-09-28"
"56.5","57.3","2021-09-27"
"56.5","57.3","2021-09-25"
"56.5","57.3","2021-09-24"
"56.55","57.4","2021-09-23"
"56.55","57.4","2021-09-22"
"56.5","57.4","2021-09-21"
"56.3","57.2","2021-09-20"
"56.2","57.2","2021-09-18"
"56.6","57.3","2021-09-17"
"56.8","57.6","2021-09-16"
"56.8","57.6","2021-09-15"
"56.8","57.6","2021-09-14"
"56.8","57.6","2021-09-13"
"56.8","57.6","2021-09-11"
"56.8","57.6","2021-09-10"
"56.8","57.6","2021-09-09"
"56.8","57.6","2021-09-08"
"56.8","57.7","2021-09-07"
"56.8","57.7","2021-09-06"
"56.5","57.5","2021-09-01"
"56.5","57.5","2021-08-31"
"56.5","57.5","2021-08-30"
"56.5","57.4","2021-08-28"
"56.3","57.2","2021-08-27"
"56.45","57.4","2021-08-26"
"56.45","57.45","2021-08-25"
"56.45","57.6","2021-08-24"
"56.45","57.6","2021-08-23"
"56.45","57.2","2021-08-21"
"56.45","57.2","2021-08-20"
"56.55","57.3","2021-08-19"
"56.65","57.35","2021-08-18"
"56.65","57.35","2021-08-17"
"56.55","57.25","2021-08-16"
"56.5","57.2","2021-08-14"
"56.4","57.1","2021-08-13"
"56.4","57.1","2021-08-12"
"56.25","56.95","2021-08-11"
"56.25","56.95","2021-08-10"
"56.25","56.95","2021-08-09"
"56.3","57.0","2021-08-07"
"56.55","57.25","2021-08-06"
"56.55","57.25","2021-08-05"
"56.7","57.35","2021-08-04"
"56.6","57.3","2021-08-03"
"56.5","57.2","2021-08-02"
"56.55","57.25","2021-07-31"
"56.7","57.4","2021-07-30"
"56.65","57.35","2021-07-29"
"56.5","57.2","2021-07-28"
"56.6","57.3","2021-07-27"
"56.8","57.45","2021-07-26"
"56.85","57.5","2021-07-24"
"56.85","57.5","2021-07-23"
"56.8","57.45","2021-07-22"
"56.8","57.45","2021-07-21"
"56.9","57.55","2021-07-20"
"56.9","57.55","2021-07-19"
"56.85","57.5","2021-07-17"
"56.75","57.5","2021-07-16"
"56.85","57.6","2021-07-15"
"56.65","57.4","2021-07-14"
"56.6","57.35","2021-07-13"
"56.6","57.35","2021-07-12"
"56.85","57.5","2021-07-10"
"56.85","57.5","2021-07-09"
"56.9","57.55","2021-07-08"
"56.9","57.45","2021-07-07"
"56.85","57.4","2021-07-06"
"56.8","57.35","2021-07-05"
"56.6","57.2","2021-07-03"
"56.6","57.15","2021-07-02"
"56.3","56.9","2021-07-01"
"56.3","56.85","2021-06-30"
"56.4","56.9","2021-06-29"
"56.5","57.0","2021-06-28"
"56.5","57.1","2021-06-26"
"56.5","57.05","2021-06-25"
"56.5","57.05","2021-06-24"
"56.55","57.1","2021-06-23"
"56.4","57.0","2021-06-22"
"56.35","56.95","2021-06-21"
"56.15","56.75","2021-06-19"
"56.2","56.8","2021-06-18"
"56.25","56.85","2021-06-17"
"56.65","57.25","2021-06-16"
"56.6","57.2","2021-06-15"
"56.55","57.15","2021-06-14"
"56.7","57.3","2021-06-12"
"56.9","57.5","2021-06-11"
"56.7","57.3","2021-06-10"
"56.65","57.25","2021-06-09"
"56.75","57.35","2021-06-08"
"56.6","57.2","2021-06-07"
"56.8","57.45","2021-06-05"
"56.6","57.25","2021-06-04"
"56.75","57.35","2021-06-03"
"56.95","57.55","2021-06-02"
"56.95","57.65","2021-06-01"
"56.6","57.4","2021-05-31"
"56.3","56.8","2021-05-29"
"56.25","56.65","2021-05-28"
"56.08","56.48","2021-05-27"
"56.2","56.5","2021-05-26"
"56.1","56.45","2021-05-25"
"56.05","56.38","2021-05-24"
"56.1","56.45","2021-05-22"
"56.05","56.4","2021-05-21"
"56.0","56.3","2021-05-20"
"55.85","56.2","2021-05-19"
"56.05","56.4","2021-05-18"
"56.0","56.35","2021-05-17"
"55.95","56.35","2021-05-15"
"55.88","56.22","2021-05-14"
"55.7","56.05","2021-05-13"
"55.75","56.12","2021-05-12"
"55.9","56.25","2021-05-11"
"55.9","56.3","2021-05-10"
"55.7","56.2","2021-05-09"
"55.65","56.1","2021-05-08"
"55.6","55.95","2021-05-07"
"55.38","55.68","2021-05-06"
"55.3","55.62","2021-05-05"
"55.3","55.65","2021-05-04"
"55.2","55.6","2021-04-29"
"55.3","55.65","2021-04-28"
"55.3","55.65","2021-04-27"
"55.15","55.5","2021-04-26"
"55.15","55.65","2021-04-24"
"55.43","55.75","2021-04-23"
"55.45","55.85","2021-04-22"
"55.4","55.9","2021-04-21"
"55.4","55.8","2021-04-20"
"55.6","56.0","2021-04-19"
"55.2","55.6","2021-04-17"
"55.05","55.45","2021-04-16"
"54.95","55.35","2021-04-15"
"54.9","55.3","2021-04-14"
"54.8","55.2","2021-04-13"
"54.85","55.25","2021-04-12"
"54.85","55.25","2021-04-10"
"54.85","55.25","2021-04-09"
"54.85","55.25","2021-04-08"
"54.85","55.25","2021-04-07"
"54.85","55.25","2021-04-06"
"54.7","55.1","2021-04-05"
"54.9","55.35","2021-04-03"
"54.9","55.35","2021-04-02"
"54.5","54.9","2021-04-01"
"54.1","54.5","2021-03-31"
"54.35","54.8","2021-03-30"
"54.75","55.15","2021-03-29"
"54.9","55.4","2021-03-27"
"54.86","55.26","2021-03-26"
"55.0","55.45","2021-03-25"
"55.1","55.5","2021-03-24"
"55.2","55.6","2021-03-23"
"55.0","55.45","2021-03-22"
"55.15","55.55","2021-03-20"
"55.05","55.45","2021-03-19"
"55.1","55.5","2021-03-18"
"55.15","55.55","2021-03-17"
"55.25","55.65","2021-03-16"
"55.3","55.7","2021-03-15"
"55.3","55.8","2021-03-13"
"55.2","55.6","2021-03-12"
"55.4","55.8","2021-03-11"
"54.9","55.35","2021-03-10"
"54.65","55.15","2021-03-09"
"55.0","55.45","2021-03-08"
"55.05","55.6","2021-03-06"
"55.0","55.5","2021-03-05"
"55.6","56.0","2021-03-04"
"55.55","56.0","2021-03-03"
"55.65","56.1","2021-03-02"
"55.7","56.2","2021-03-01"
"55.5","56.05","2021-02-27"
"55.8","56.3","2021-02-26"
"55.9","56.4","2021-02-25"
"56.0","56.5","2021-02-24"
"56.1","56.65","2021-02-23"
"55.85","56.4","2021-02-22"
"55.65","56.35","2021-02-21"
"55.6","56.3","2021-02-20"
"55.7","56.3","2021-02-19"
"56.0","56.55","2021-02-18"
"56.35","56.9","2021-02-17"
"56.75","57.35","2021-02-14"
"56.75","57.35","2021-02-10"
"56.85","57.45","2021-02-09"
"56.45","57.0","2021-02-08"
"56.35","56.85","2021-02-07"
"56.35","56.85","2021-02-06"
"56.35","56.85","2021-02-05"
"56.2","56.7","2021-02-04"
"56.35","56.85","2021-02-03"
"56.3","56.8","2021-02-02"
"56.55","57.05","2021-02-01"
"56.2","56.7","2021-01-30"
"56.2","56.7","2021-01-29"
"56.05","56.55","2021-01-28"
"56.1","56.6","2021-01-27"
"56.1","56.6","2021-01-26"
"56.05","56.55","2021-01-25"
"55.85","56.4","2021-01-23"
"55.9","56.4","2021-01-22"
"56.05","56.55","2021-01-21"
"56.05","56.6","2021-01-20"
"55.85","56.4","2021-01-19"
"55.85","56.4","2021-01-18"
"55.75","56.4","2021-01-16"
"56.0","56.55","2021-01-15"
"55.85","56.4","2021-01-14"
"55.9","56.5","2021-01-13"
"56.05","56.65","2021-01-12"
"55.75","56.4","2021-01-11"
"55.3","56.0","2021-01-09"
"55.75","56.3","2021-01-08"
"56.25","56.75","2021-01-07"
"56.75","57.3","2021-01-06"
"56.6","57.15","2021-01-05"
"56.3","56.8","2021-01-04"
"55.55","56.15","2021-01-02"
"55.5","56.1","2020-12-31"
"55.4","55.9","2020-12-30"
"55.4","55.9","2020-12-29"
"55.3","55.8","2020-12-28"
"55.3","55.8","2020-12-26"
"55.3","55.85","2020-12-25"
"55.25","55.8","2020-12-24"
"55.05","55.6","2020-12-23"
"55.05","55.55","2020-12-22"
"55.05","55.7","2020-12-21"
"55.0","55.5","2020-12-19"
"55.0","55.5","2020-12-18"
"55.0","55.55","2020-12-17"
"54.85","55.4","2020-12-16"
"54.7","55.25","2020-12-15"
"54.6","55.1","2020-12-14"
"54.65","55.25","2020-12-12"
"54.65","55.2","2020-12-11"
"54.45","55.1","2020-12-10"
"54.7","55.3","2020-12-09"
"54.9","55.5","2020-12-08"
"54.5","55.15","2020-12-07"
"54.55","55.25","2020-12-05"
"54.65","55.35","2020-12-04"
"54.75","55.45","2020-12-03"
"54.45","55.15","2020-12-02"
"53.75","54.5","2020-12-01"
"53.2","53.75","2020-11-30"
"54.0","54.55","2020-11-28"
"54.4","54.85","2020-11-27"
"54.5","54.95","2020-11-26"
"54.2","54.75","2020-11-25"
"54.95","55.4","2020-11-24"
"55.6","56.05","2020-11-23"
"55.68","56.1","2020-11-21"
"55.7","56.1","2020-11-20"
"55.6","56.0","2020-11-19"
"55.85","56.25","2020-11-18"
"55.85","56.3","2020-11-17"
"55.95","56.4","2020-11-16"
"55.9","56.4","2020-11-14"
"55.9","56.3","2020-11-13"
"55.9","56.35","2020-11-12"
"55.9","56.4","2020-11-11"
"55.85","56.4","2020-11-10"
"56.3","56.9","2020-11-09"
"56.2","56.75","2020-11-07"
"56.2","56.7","2020-11-06"
"56.0","56.5","2020-11-05"
"55.9","56.4","2020-11-04"
"56.25","56.7","2020-11-03"
"56.1","56.45","2020-11-02"
"55.95","56.35","2020-10-31"
"55.85","56.3","2020-10-30"
"55.8","56.2","2020-10-29"
"55.95","56.3","2020-10-28"
"55.95","56.3","2020-10-27"
"55.95","56.3","2020-10-26"
"55.9","56.3","2020-10-24"
"55.95","56.35","2020-10-23"
"55.95","56.35","2020-10-22"
"56.05","56.4","2020-10-21"
"55.95","56.35","2020-10-20"
"55.9","56.3","2020-10-19"
"55.8","56.2","2020-10-17"
"55.85","56.25","2020-10-16"
"55.75","56.25","2020-10-15"
"55.85","56.25","2020-10-14"
"55.95","56.45","2020-10-13"
"55.85","56.35","2020-10-12"
"55.9","56.4","2020-10-10"
"55.75","56.3","2020-10-09"
"55.65","56.15","2020-10-08"
"55.7","56.15","2020-10-07"
"55.95","56.4","2020-10-06"
"55.8","56.3","2020-10-05"
"56.0","56.45","2020-10-03"
"56.1","56.5","2020-10-02"
"55.6","56.0","2020-10-01"
"55.15","55.55","2020-09-30"
"55.1","55.6","2020-09-29"
"54.65","55.3","2020-09-28"
"54.95","55.55","2020-09-26"
"55.1","56.0","2020-09-25"
"54.5","55.0","2020-09-24"
"55.4","55.85","2020-09-23"
"55.8","56.2","2020-09-22"
"56.05","56.5","2020-09-21"
"56.1","56.5","2020-09-19"
"56.15","56.55","2020-09-18"
"56.0","56.4","2020-09-17"
"56.3","56.7","2020-09-16"
"56.3","56.65","2020-09-15"
"56.1","56.45","2020-09-14"
"56.1","56.55","2020-09-12"
"56.15","56.6","2020-09-11"
"56.15","56.6","2020-09-10"
"55.75","56.25","2020-09-09"
"55.6","56.2","2020-09-08"
"55.9","56.45","2020-09-07"
"55.9","56.7","2020-09-05"
"56.0","56.7","2020-09-04"
"56.0","56.7","2020-09-03"
"56.3","57.3","2020-09-02"
"56.85","57.55","2020-09-01"
"56.45","57.2","2020-08-31"
"55.7","56.7","2020-08-29"
"55.6","56.6","2020-08-28"
"55.5","56.2","2020-08-27"
"54.95","55.8","2020-08-26"
"55.2","56.1","2020-08-25"
"55.4","56.4","2020-08-24"
"55.1","56.2","2020-08-22"
"55.3","56.5","2020-08-21"
"55.1","56.4","2020-08-20"
"55.8","57.0","2020-08-19"
"56.5","58.0","2020-08-18"
"55.3","56.5","2020-08-17"
"54.3","56.1","2020-08-15"
"54.8","56.3","2020-08-14"
"53.4","55.6","2020-08-13"
"53.2","56.2","2020-08-12"
"53.0","55.65","2020-08-11"
"56.5","57.7","2020-08-10"
"58.2","60.2","2020-08-08"
"60.1","61.9","2020-08-07"
"59.6","61.0","2020-08-06"
"58.0","58.8","2020-08-05"
"56.8","57.8","2020-08-04"
"56.9","57.9","2020-08-03"
"56.5","57.7","2020-08-01"
"56.5","57.7","2020-07-31"
"56.4","57.5","2020-07-30"
"56.3","57.6","2020-07-29"
"55.2","57.2","2020-07-28"
"55.25","56.7","2020-07-27"
"53.55","54.9","2020-07-25"
"53.7","55.0","2020-07-24"
"53.35","54.5","2020-07-23"
"52.1","52.75","2020-07-22"
"51.18","51.47","2020-07-21"
"50.6","50.85","2020-07-20"
"50.45","50.7","2020-07-18"
"50.45","50.65","2020-07-17"
"50.35","50.6","2020-07-16"
"50.3","50.6","2020-07-15"
"50.18","50.42","2020-07-14"
"50.23","50.53","2020-07-13"
"50.1","50.45","2020-07-11"
"50.1","50.45","2020-07-10"
"50.25","50.6","2020-07-09"
"49.9","50.18","2020-07-08"
"49.75","50.08","2020-07-07"
"49.65","49.92","2020-07-06"
"49.5","49.85","2020-07-04"
"49.45","49.7","2020-07-03"
"49.2","49.5","2020-07-02"
"49.4","49.8","2020-07-01"
"49.07","49.37","2020-06-30"
"49.0","49.3","2020-06-29"
"48.95","49.25","2020-06-27"
"48.85","49.1","2020-06-26"
"48.84","49.15","2020-06-25"
"48.95","49.27","2020-06-24"
"48.68","48.95","2020-06-23"
"48.63","48.88","2020-06-22"
"48.5","48.9","2020-06-20"
"48.36","48.61","2020-06-19"
"48.4","48.65","2020-06-18"
"48.3","48.55","2020-06-17"
"48.47","48.72","2020-06-16"
"48.43","48.68","2020-06-15"
"48.5","48.75","2020-06-13"
"48.5","48.75","2020-06-12"
"48.55","48.8","2020-06-11"
"48.45","48.7","2020-06-10"
"48.32","48.55","2020-06-09"
"48.3","48.55","2020-06-08"
"48.3","48.6","2020-06-06"
"48.5","48.8","2020-06-05"
"48.42","48.72","2020-06-04"
"48.55","48.8","2020-06-03"
"48.65","48.92","2020-06-02"
"48.7","49.03","2020-06-01"
"48.5","48.82","2020-05-30"
"48.4","48.73","2020-05-29"
"48.4","48.73","2020-05-28"
"48.35","48.65","2020-05-27"
"48.5","48.8","2020-05-26"
"48.45","48.8","2020-05-25"
"48.5","48.9","2020-05-23"
"48.5","48.8","2020-05-22"
"48.5","48.85","2020-05-21"
"48.6","48.98","2020-05-20"
"48.55","48.95","2020-05-19"
"48.9","49.35","2020-05-18"
"48.32","48.64","2020-05-16"
"48.32","48.64","2020-05-15"
"48.15","48.45","2020-05-14"
"47.85","48.25","2020-05-13"
"47.8","48.18","2020-05-12"
"47.8","48.4","2020-05-11"
"47.8","48.4","2020-05-09"
"47.8","48.4","2020-05-08"
"47.6","48.2","2020-05-07"
"47.8","48.4","2020-05-06"
"47.8","48.4","2020-05-05"
"47.8","48.6","2020-05-04"
"47.8","48.6","2020-04-29"
"47.6","48.35","2020-04-28"
"47.7","48.5","2020-04-27"
"47.3","48.45","2020-04-25"
"47.5","48.4","2020-04-24"
"47.4","48.3","2020-04-23"
"47.2","48.05","2020-04-22"
"47.2","48.05","2020-04-21"
"47.2","48.3","2020-04-20"
"47.2","48.4","2020-04-18"
"47.2","48.4","2020-04-17"
"47.2","48.4","2020-04-16"
"47.3","48.6","2020-04-15"
"47.3","48.6","2020-04-14"
"47.0","48.2","2020-04-13"
"47.0","48.2","2020-04-11"
"47.0","48.2","2020-04-10"
"46.7","47.9","2020-04-09"
"46.7","47.9","2020-04-08"
"46.9","48.2","2020-04-07"
"46.6","47.9","2020-04-06"
"46.8","48.1","2020-04-04"
"46.8","48.1","2020-04-03"
"47.0","48.3","2020-03-31"
"47.15","48.35","2020-03-30"
"46.8","47.95","2020-03-28"
"46.8","47.95","2020-03-27"
"46.3","47.3","2020-03-26"
"46.3","47.3","2020-03-25"
"46.1","47.0","2020-03-24"
"45.7","46.6","2020-03-23"
"45.7","46.8","2020-03-21"
"45.7","46.8","2020-03-20"
"45.4","46.4","2020-03-19"
"45.3","46.3","2020-03-18"
"45.1","46.2","2020-03-17"
"45.2","46.8","2020-03-16"
"45.1","46.6","2020-03-14"
"45.2","46.5","2020-03-13"
"46.45","47.25","2020-03-12"
"46.7","47.5","2020-03-11"
"46.7","47.6","2020-03-10"
"46.95","47.85","2020-03-09"
"46.5","47.4","2020-03-08"
"46.5","47.2","2020-03-07"
"46.5","47.2","2020-03-06"
"46.05","46.95","2020-03-05"
"46.05","46.95","2020-03-04"
"45.5","46.35","2020-03-03"
"45.5","46.35","2020-03-02"
"44.7","45.8","2020-02-29"
"45.5","46.55","2020-02-28"
"45.7","46.7","2020-02-27"
"45.8","46.9","2020-02-26"
"45.8","47.3","2020-02-25"
"47.0","49.2","2020-02-24"
"45.1","45.9","2020-02-22"
"44.95","45.55","2020-02-21"
"44.63","45.0","2020-02-20"
"44.6","45.05","2020-02-19"
"44.15","44.54","2020-02-18"
"44.0","44.4","2020-02-17"
"44.0","44.4","2020-02-15"
"43.9","44.35","2020-02-14"
"43.85","44.25","2020-02-13"
"43.85","44.25","2020-02-12"
"43.8","44.2","2020-02-11"
"43.8","44.25","2020-02-10"
"43.5","44.05","2020-02-08"
"43.45","43.95","2020-02-07"
"43.25","43.75","2020-02-06"
"43.25","43.75","2020-02-05"
"43.65","44.15","2020-02-04"
"43.8","44.6","2020-02-03"
"44.2","44.95","2020-02-02"
"44.2","44.85","2020-02-01"
"43.9","44.6","2020-01-31"
"43.9","44.6","2020-01-30"
"43.6","44.2","2020-01-29"
"43.8","44.25","2020-01-28"
"43.7","44.15","2020-01-27"
"43.6","44.0","2020-01-23"
"43.3","43.8","2020-01-22"
"43.65","44.05","2020-01-21"
"43.45","43.85","2020-01-20"
"43.0","43.4","2020-01-18"
"43.0","43.4","2020-01-17"
"42.95","43.35","2020-01-16"
"43.0","43.4","2020-01-15"
"42.95","43.3","2020-01-14"
"42.95","43.35","2020-01-13"
"43.2","43.65","2020-01-11"
"42.95","43.4","2020-01-10"
"43.05","43.5","2020-01-09"
"44.05","44.55","2020-01-08"
"43.6","44.0","2020-01-07"
"43.85","44.3","2020-01-06"
"42.9","43.3","2020-01-04"
"42.6","43.0","2020-01-03"
"42.3","42.8","2020-01-02"
"42.3","42.8","2019-12-31"
"42.15","42.55","2019-12-30"
"42.05","42.39","2019-12-28"
"42.05","42.39","2019-12-27"
"41.9","42.2","2019-12-26"
"41.84","42.09","2019-12-25"
"41.63","41.85","2019-12-24"
"41.47","41.7","2019-12-23"
"41.42","41.65","2019-12-21"
"41.42","41.65","2019-12-20"
"41.42","41.65","2019-12-19"
"41.39","41.61","2019-12-18"
"41.39","41.61","2019-12-17"
"41.36","41.58","2019-12-16"
"41.25","41.5","2019-12-14"
"41.25","41.5","2019-12-13"
"41.25","41.5","2019-12-12"
"41.15","41.4","2019-12-11"
"41.15","41.4","2019-12-10"
"41.15","41.4","2019-12-09"
"41.15","41.4","2019-12-07"
"41.33","41.55","2019-12-06"
"41.38","41.6","2019-12-05"
"41.43","41.65","2019-12-04"
"41.19","41.39","2019-12-03"
"41.22","41.42","2019-12-02"
"41.25","41.45","2019-11-30"
"41.12","41.35","2019-11-29"
"41.1","41.32","2019-11-28"
"41.21","41.42","2019-11-27"
"41.1","41.32","2019-11-26"
"41.24","41.49","2019-11-25"
"41.3","41.55","2019-11-23"
"41.3","41.55","2019-11-22"
"41.35","41.6","2019-11-21"
"41.4","41.65","2019-11-20"
"41.27","41.5","2019-11-19"
"41.23","41.46","2019-11-18"
"41.24","41.49","2019-11-16"
"41.24","41.49","2019-11-15"
"41.2","41.45","2019-11-14"
"41.15","41.4","2019-11-13"
"41.05","41.3","2019-11-12"
"41.25","41.5","2019-11-11"
"41.15","41.45","2019-11-09"
"41.38","41.68","2019-11-08"
"41.56","41.86","2019-11-07"
"41.47","41.77","2019-11-06"
"41.7","42.0","2019-11-05"
"41.87","42.17","2019-11-04"
"41.9","42.2","2019-11-02"
"41.85","42.15","2019-11-01"
"41.6","41.9","2019-10-31"
"41.55","41.85","2019-10-30"
"41.58","41.88","2019-10-29"
"41.7","42.0","2019-10-28"
"41.65","41.95","2019-10-26"
"41.65","41.95","2019-10-25"
"41.45","41.75","2019-10-24"
"41.55","41.82","2019-10-23"
"41.4","41.7","2019-10-22"
"41.5","41.8","2019-10-21"
"41.45","41.75","2019-10-19"
"41.45","41.75","2019-10-18"
"41.45","41.75","2019-10-17"
"41.4","41.7","2019-10-16"
"41.5","41.8","2019-10-15"
"41.45","41.75","2019-10-14"
"41.55","41.85","2019-10-12"
"41.7","42.0","2019-10-11"
"41.78","42.1","2019-10-10"
"41.7","42.0","2019-10-09"
"41.6","41.95","2019-10-08"
"41.7","42.0","2019-10-07"
"41.75","42.1","2019-10-05"
"41.75","42.1","2019-10-04"
"41.55","41.85","2019-10-03"
"41.15","41.5","2019-10-02"
"41.0","41.3","2019-10-01"
"41.45","41.8","2019-09-30"
"41.75","42.1","2019-09-28"
"41.75","42.1","2019-09-27"
"42.0","42.3","2019-09-26"
"42.23","42.58","2019-09-25"
"42.0","42.35","2019-09-24"
"41.96","42.26","2019-09-23"
"41.85","42.2","2019-09-21"
"41.7","42.05","2019-09-20"
"41.6","41.9","2019-09-19"
"41.6","41.95","2019-09-18"
"41.5","41.85","2019-09-17"
"41.6","41.95","2019-09-16"
"41.5","41.9","2019-09-14"
"41.75","42.15","2019-09-13"
"41.55","41.95","2019-09-12"
"41.35","41.75","2019-09-11"
"41.35","41.75","2019-09-10"
"41.75","42.1","2019-09-09"
"42.1","42.4","2019-09-07"
"42.15","42.55","2019-09-06"
"42.5","42.9","2019-09-05"
"42.4","42.8","2019-09-04"
"42.2","42.5","2019-09-03"
"42.35","42.7","2019-08-31"
"42.35","42.7","2019-08-30"
"42.5","42.9","2019-08-29"
"42.4","42.8","2019-08-28"
"42.25","42.7","2019-08-27"
"42.35","42.75","2019-08-26"
"41.9","42.4","2019-08-24"
"41.4","41.75","2019-08-23"
"41.3","41.7","2019-08-22"
"41.2","41.6","2019-08-21"
"41.4","41.75","2019-08-20"
"41.5","41.95","2019-08-19"
"41.5","41.95","2019-08-17"
"41.6","42.05","2019-08-16"
"41.4","41.9","2019-08-15"
"41.2","41.6","2019-08-14"
"41.8","42.3","2019-08-13"
"41.3","41.7","2019-08-12"
"41.55","42.0","2019-08-10"
"41.9","42.4","2019-08-09"
"41.65","42.15","2019-08-08"
"41.15","41.65","2019-08-07"
"40.35","40.85","2019-08-06"
"40.1","40.5","2019-08-05"
"39.45","39.95","2019-08-03"
"39.45","39.95","2019-08-02"
"39.2","39.5","2019-08-01"
"39.4","39.85","2019-07-31"
"39.35","39.8","2019-07-30"
"39.35","39.8","2019-07-29"
"39.3","39.75","2019-07-27"
"39.3","39.75","2019-07-26"
"39.3","39.8","2019-07-25"
"39.3","39.8","2019-07-24"
"39.3","39.8","2019-07-23"
"39.3","39.8","2019-07-22"
"39.3","39.8","2019-07-20"
"39.65","40.15","2019-07-19"
"39.15","39.5","2019-07-18"
"38.95","39.25","2019-07-17"
"38.95","39.25","2019-07-16"
"38.97","39.3","2019-07-15"
"38.97","39.32","2019-07-13"
"38.7","39.2","2019-07-12"
"38.9","39.4","2019-07-11"
"38.5","38.9","2019-07-10"
"38.5","38.9","2019-07-09"
"38.6","39.05","2019-07-08"
"38.4","38.95","2019-07-06"
"38.65","39.1","2019-07-05"
"38.65","39.1","2019-07-04"
"38.8","39.25","2019-07-03"
"38.11","38.46","2019-07-02"
"38.1","38.4","2019-07-01"
"38.5","38.95","2019-06-29"
"38.5","38.95","2019-06-28"
"38.5","38.9","2019-06-27"
"38.65","39.1","2019-06-26"
"39.05","39.5","2019-06-25"
"38.5","38.9","2019-06-24"
"38.6","39.15","2019-06-22"
"38.35","38.75","2019-06-21"
"38.1","38.55","2019-06-20"
"37.45","37.67","2019-06-19"
"37.4","37.65","2019-06-18"
"37.3","37.55","2019-06-17"
"37.4","37.65","2019-06-15"
"37.4","37.79","2019-06-14"
"37.17","37.38","2019-06-13"
"37.11","37.33","2019-06-12"
"36.96","37.15","2019-06-11"
"37.02","37.24","2019-06-10"
"37.12","37.4","2019-06-08"
"37.0","37.25","2019-06-07"
"36.93","37.15","2019-06-06"
"36.85","37.05","2019-06-05"
"36.9","37.1","2019-06-04"
"36.62","36.8","2019-06-03"
"36.49","36.67","2019-06-01"
"36.3","36.47","2019-05-31"
"36.17","36.34","2019-05-30"
"36.19","36.36","2019-05-29"
"36.24","36.41","2019-05-28"
"36.28","36.45","2019-05-27"
"36.28","36.45","2019-05-25"
"36.25","36.42","2019-05-24"
"36.15","36.32","2019-05-23"
"36.15","36.32","2019-05-22"
"36.15","36.32","2019-05-21"
"36.23","36.4","2019-05-20"
"36.25","36.42","2019-05-18"
"36.26","36.43","2019-05-17"
"36.34","36.51","2019-05-16"
"36.33","36.5","2019-05-15"
"36.4","36.57","2019-05-14"
"36.2","36.37","2019-05-13"
"36.28","36.45","2019-05-11"
"36.18","36.36","2019-05-10"
"36.17","36.35","2019-05-09"
"36.21","36.39","2019-05-08"
"36.17","36.35","2019-05-07"
"36.2","36.38","2019-05-06"
"36.19","36.35","2019-05-04"
"36.14","36.3","2019-05-03"
"36.14","36.3","2019-05-02"
"36.32","36.5","2019-04-27"
"36.24","36.42","2019-04-26"
"36.18","36.35","2019-04-25"
"36.11","36.28","2019-04-24"
"36.14","36.31","2019-04-23"
"36.25","36.4","2019-04-22"
"36.23","36.4","2019-04-20"
"36.21","36.36","2019-04-19"
"36.19","36.36","2019-04-18"
"36.19","36.36","2019-04-17"
"36.3","36.45","2019-04-16"
"36.35","36.5","2019-04-13"
"36.34","36.49","2019-04-12"
"36.45","36.62","2019-04-11"
"36.4","36.56","2019-04-10"
"36.41","36.56","2019-04-09"
"36.37","36.52","2019-04-08"
"36.33","36.48","2019-04-06"
"36.33","36.48","2019-04-05"
"36.38","36.51","2019-04-04"
"36.38","36.51","2019-04-03"
"36.34","36.5","2019-04-02"
"36.37","36.54","2019-04-01"
"36.43","36.61","2019-03-29"
"36.63","36.8","2019-03-28"
"36.63","36.8","2019-03-27"
"36.63","36.8","2019-03-26"
"36.62","36.8","2019-03-25"
"36.59","36.77","2019-03-23"
"36.57","36.75","2019-03-22"
"36.67","36.85","2019-03-21"
"36.52","36.7","2019-03-20"
"36.53","36.7","2019-03-19"
"36.5","36.67","2019-03-18"
"36.49","36.67","2019-03-16"
"36.48","36.63","2019-03-15"
"36.53","36.7","2019-03-14"
"36.57","36.73","2019-03-13"
"36.48","36.66","2019-03-12"
"36.49","36.67","2019-03-11"
"36.52","36.69","2019-03-09"
"36.47","36.64","2019-03-08"
"36.46","36.63","2019-03-07"
"36.45","36.63","2019-03-06"
"36.45","36.62","2019-03-05"
"36.4","36.6","2019-03-04"
"36.49","36.69","2019-03-02"
"36.68","36.88","2019-03-01"
"36.82","37.02","2019-02-28"
"36.89","37.09","2019-02-27"
"36.89","37.09","2019-02-26"
"36.92","37.12","2019-02-25"
"36.95","37.15","2019-02-23"
"36.8","37.0","2019-02-22"
"36.95","37.15","2019-02-21"
"36.96","37.16","2019-02-20"
"36.8","37.0","2019-02-19"
"36.8","37.0","2019-02-18"
"36.75","37.0","2019-02-16"
"36.65","36.85","2019-02-15"
"36.6","37.35","2019-02-14"
"36.85","37.05","2019-02-13"
"37.0","37.2","2019-02-12"
"36.95","37.25","2019-02-11"
"36.95","37.15","2019-02-02"
"36.95","37.15","2019-02-01"
"36.8","37.05","2019-01-31"
"36.73","36.93","2019-01-30"
"36.66","36.88","2019-01-29"
"36.68","36.88","2019-01-28"
"36.62","36.84","2019-01-26"
"36.45","36.65","2019-01-25"
"36.38","36.58","2019-01-24"
"36.39","36.59","2019-01-23"
"36.35","36.53","2019-01-22"
"36.5","36.7","2019-01-21"
"36.54","36.74","2019-01-19"
"36.57","36.79","2019-01-18"
"36.5","36.8","2019-01-17"
"36.49","36.69","2019-01-16"
"36.53","36.73","2019-01-15"
"36.56","36.76","2019-01-14"
"36.56","36.76","2019-01-12"
"36.56","36.76","2019-01-11"
"36.56","36.76","2019-01-10"
"36.5","36.68","2019-01-09"
"36.54","36.74","2019-01-08"
"36.63","36.83","2019-01-07"
"36.55","36.75","2019-01-05"
"36.62","36.82","2019-01-04"
"36.59","36.79","2019-01-03"
"36.5","36.7","2019-01-02"
"36.36","36.6","2018-12-29"
"36.36","36.56","2018-12-28"
"36.28","36.47","2018-12-27"
"36.27","36.45","2018-12-26"
"36.27","36.45","2018-12-25"
"36.28","36.46","2018-12-24"
"36.25","36.43","2018-12-22"
"36.28","36.45","2018-12-21"
"36.24","36.42","2018-12-20"
"36.27","36.43","2018-12-19"
"36.31","36.47","2018-12-18"
"36.29","36.45","2018-12-17"
"36.29","36.45","2018-12-15"
"36.25","36.41","2018-12-14"
"36.21","36.37","2018-12-13"
"36.26","36.42","2018-12-12"
"36.32","36.52","2018-12-11"
"36.38","36.54","2018-12-10"
"36.32","36.5","2018-12-08"
"36.28","36.43","2018-12-07"
"36.28","36.43","2018-12-06"
"36.32","36.47","2018-12-05"
"36.37","36.52","2018-12-04"
"36.37","36.52","2018-12-03"
"36.37","36.52","2018-12-01"
"36.37","36.52","2018-11-30"
"36.35","36.5","2018-11-29"
"36.3","36.45","2018-11-28"
"36.34","36.49","2018-11-27"
"36.4","36.55","2018-11-26"
"36.4","36.55","2018-11-24"
"36.43","36.58","2018-11-23"
"36.42","36.58","2018-11-22"
"36.45","36.6","2018-11-21"
"36.49","36.64","2018-11-20"
"36.5","36.65","2018-11-19"
"36.54","36.69","2018-11-17"
"36.49","36.64","2018-11-16"
"36.45","36.6","2018-11-15"
"36.36","36.51","2018-11-14"
"36.33","36.48","2018-11-13"
"36.32","36.47","2018-11-12"
"36.35","36.5","2018-11-10"
"36.36","36.51","2018-11-09"
"36.39","36.54","2018-11-08"
"36.43","36.58","2018-11-07"
"36.38","36.53","2018-11-06"
"36.45","36.6","2018-11-05"
"36.47","36.62","2018-11-03"
"36.47","36.62","2018-11-02"
"36.41","36.56","2018-11-01"
"36.34","36.49","2018-10-31"
"36.36","36.51","2018-10-30"
"36.44","36.59","2018-10-29"
"36.48","36.63","2018-10-27"
"36.49","36.65","2018-10-26"
"36.47","36.62","2018-10-25"
"36.48","36.63","2018-10-24"
"36.51","36.66","2018-10-23"
"36.46","36.61","2018-10-22"
"36.5","36.65","2018-10-20"
"36.49","36.64","2018-10-19"
"36.5","36.65","2018-10-18"
"36.51","36.66","2018-10-17"
"36.47","36.62","2018-10-16"
"36.53","36.69","2018-10-15"
"36.48","36.63","2018-10-13"
"36.47","36.62","2018-10-12"
"36.4","36.55","2018-10-11"
"36.35","36.5","2018-10-10"
"36.37","36.52","2018-10-09"
"36.38","36.53","2018-10-08"
"36.39","36.54","2018-10-06"
"36.38","36.53","2018-10-05"
"36.37","36.52","2018-10-04"
"36.38","36.53","2018-10-03"
"36.36","36.52","2018-10-02"
"36.34","36.5","2018-10-01"
"36.34","36.5","2018-09-29"
"36.32","36.47","2018-09-28"
"36.35","36.51","2018-09-27"
"36.41","36.56","2018-09-26"
"36.42","36.58","2018-09-25"
"36.48","36.64","2018-09-24"
"36.52","36.69","2018-09-22"
"36.55","36.71","2018-09-21"
"36.53","36.68","2018-09-20"
"36.52","36.68","2018-09-19"
"36.52","36.69","2018-09-18"
"36.53","36.71","2018-09-17"
"36.52","36.7","2018-09-15"
"36.54","36.71","2018-09-14"
"36.53","36.71","2018-09-13"
"36.53","36.7","2018-09-12"
"36.52","36.7","2018-09-11"
"36.52","36.7","2018-09-10"
"36.59","36.77","2018-09-08"
"36.59","36.77","2018-09-07"
"36.61","36.79","2018-09-06"
"36.57","36.75","2018-09-05"
"36.54","36.72","2018-09-04"
"36.6","36.78","2018-09-01"
"36.58","36.76","2018-08-31"
"36.57","36.75","2018-08-30"
"36.57","36.75","2018-08-29"
"36.61","36.79","2018-08-28"
"36.62","36.8","2018-08-27"
"36.67","36.85","2018-08-25"
"36.55","36.73","2018-08-24"
"36.56","36.74","2018-08-23"
"36.58","36.76","2018-08-22"
"36.57","36.75","2018-08-21"
"36.62","36.8","2018-08-20"
"36.62","36.8","2018-08-18"
"36.56","36.74","2018-08-17"
"36.57","36.75","2018-08-16"
"36.55","36.73","2018-08-15"
"36.58","36.76","2018-08-14"
"36.61","36.79","2018-08-13"
"36.65","36.84","2018-08-11"
"36.64","36.82","2018-08-10"
"36.61","36.79","2018-08-09"
"36.68","36.86","2018-08-08"
"36.69","36.87","2018-08-07"
"36.67","36.85","2018-08-06"
"36.67","36.85","2018-08-04"
"36.63","36.81","2018-08-03"
"36.6","36.78","2018-08-02"
"36.65","36.83","2018-08-01"
"36.66","36.84","2018-07-31"
"36.72","36.9","2018-07-30"
"36.74","36.92","2018-07-28"
"36.7","36.88","2018-07-27"
"36.72","36.9","2018-07-26"
"36.79","36.97","2018-07-25"
"36.74","36.92","2018-07-24"
"36.74","36.92","2018-07-23"
"36.74","36.92","2018-07-21"
"36.65","36.83","2018-07-20"
"36.56","36.74","2018-07-19"
"36.58","36.76","2018-07-18"
"36.78","36.96","2018-07-17"
"36.78","36.96","2018-07-16"
"36.86","37.04","2018-07-14"
"36.83","37.01","2018-07-13"
"36.78","36.96","2018-07-12"
"36.82","37.0","2018-07-11"
"36.84","37.02","2018-07-10"
"36.84","37.02","2018-07-09"
"36.75","36.93","2018-07-07"
"36.72","36.9","2018-07-06"
"36.71","36.89","2018-07-05"
"36.72","36.9","2018-07-04"
"36.69","36.87","2018-07-03"
"36.67","36.85","2018-07-02"
"36.63","36.81","2018-06-30"
"36.6","36.78","2018-06-29"
"36.62","36.8","2018-06-28"
"36.67","36.85","2018-06-27"
"36.68","36.86","2018-06-26"
"36.74","36.92","2018-06-25"
"36.79","36.97","2018-06-23"
"36.79","36.97","2018-06-22"
"36.66","36.84","2018-06-21"
"36.73","36.91","2018-06-20"
"36.8","36.98","2018-06-19"
"36.72","36.92","2018-06-18"
"36.72","36.95","2018-06-16"
"36.79","36.97","2018-06-15"
"36.82","37.02","2018-06-14"
"36.89","37.07","2018-06-13"
"36.86","37.04","2018-06-12"
"36.78","36.96","2018-06-11"
"36.59","36.77","2018-06-09"
"36.56","36.74","2018-06-08"
"36.55","36.73","2018-06-07"
"36.57","36.75","2018-06-06"
"36.53","36.71","2018-06-05"
"36.52","36.7","2018-06-04"
"36.53","36.71","2018-06-02"
"36.54","36.72","2018-06-01"
"36.56","36.74","2018-05-31"
"36.51","36.69","2018-05-30"
"36.57","36.75","2018-05-29"
"36.52","36.7","2018-05-28"
"36.55","36.73","2018-05-26"
"36.57","36.75","2018-05-25"
"36.52","36.7","2018-05-24"
"36.51","36.69","2018-05-23"
"36.52","36.7","2018-05-22"
"36.51","36.69","2018-05-21"
"36.52","36.7","2018-05-19"
"36.49","36.66","2018-05-18"
"36.5","36.68","2018-05-17"
"36.51","36.69","2018-05-16"
"36.55","36.73","2018-05-15"
"36.63","36.81","2018-05-14"
"36.62","36.8","2018-05-12"
"36.62","36.8","2018-05-11"
"36.56","36.74","2018-05-10"
"36.52","36.7","2018-05-09"
"36.55","36.73","2018-05-08"
"36.56","36.74","2018-05-07"
"36.6","36.78","2018-05-05"
"36.59","36.77","2018-05-04"
"36.6","36.78","2018-05-03"
"36.57","36.75","2018-05-02"
"36.7","36.9","2018-04-28"
"36.57","36.75","2018-04-27"
"36.63","36.81","2018-04-26"
"36.7","36.9","2018-04-25"
"36.67","36.85","2018-04-24"
"36.75","36.93","2018-04-23"
"36.75","36.93","2018-04-21"
"36.78","36.96","2018-04-20"
"36.92","37.1","2018-04-19"
"36.82","37.0","2018-04-18"
"36.87","37.05","2018-04-17"
"36.84","37.02","2018-04-16"
"36.99","37.17","2018-04-14"
"36.76","36.94","2018-04-13"
"36.86","37.04","2018-04-12"
"36.76","36.94","2018-04-11"
"36.67","36.85","2018-04-10"
"36.67","36.85","2018-04-09"
"36.67","36.85","2018-04-07"
"36.6","36.78","2018-04-06"
"36.57","36.75","2018-04-05"
"36.77","36.95","2018-04-04"
"36.71","36.89","2018-04-03"
"36.64","36.82","2018-04-02"
"36.65","36.83","2018-03-31"
"36.65","36.83","2018-03-30"
"36.55","36.73","2018-03-29"
"36.73","36.91","2018-03-28"
"36.88","37.06","2018-03-27"
"36.86","37.04","2018-03-26"
"36.75","37.05","2018-03-24"
"36.65","36.85","2018-03-23"
"36.6","36.78","2018-03-22"
"36.5","36.68","2018-03-21"
"36.5","36.68","2018-03-20"
"36.5","36.68","2018-03-19"
"36.57","36.75","2018-03-17"
"36.62","36.8","2018-03-16"
"36.57","36.75","2018-03-15"
"36.6","36.78","2018-03-14"
"36.56","36.74","2018-03-13"
"36.61","36.79","2018-03-12"
"36.64","36.82","2018-03-10"
"36.59","36.77","2018-03-09"
"36.64","36.82","2018-03-08"
"36.68","36.86","2018-03-07"
"36.64","36.82","2018-03-06"
"36.72","36.9","2018-03-05"
"36.64","36.82","2018-03-03"
"36.56","36.74","2018-03-02"
"36.51","36.69","2018-03-01"
"36.6","36.78","2018-02-28"
"36.73","36.91","2018-02-27"
"36.8","36.98","2018-02-26"
"36.9","37.15","2018-02-24"
"36.95","37.15","2018-02-23"
"36.92","37.1","2018-02-22"
"36.93","37.18","2018-02-21"
"37.05","37.4","2018-02-15"
"36.93","37.18","2018-02-14"
"36.9","37.15","2018-02-13"
"36.85","37.1","2018-02-12"
"36.73","36.93","2018-02-11"
"36.65","36.85","2018-02-10"
"36.59","36.77","2018-02-09"
"36.52","36.7","2018-02-08"
"36.64","36.82","2018-02-07"
"36.75","36.93","2018-02-06"
"36.66","36.84","2018-02-05"
"36.67","36.85","2018-02-03"
"36.74","36.92","2018-02-02"
"36.71","36.89","2018-02-01"
"36.71","36.89","2018-01-31"
"36.65","36.83","2018-01-30"
"36.78","36.96","2018-01-29"
"36.94","37.12","2018-01-27"
"36.99","37.17","2018-01-26"
"37.02","37.2","2018-01-25"
"36.84","37.02","2018-01-24"
"36.71","36.89","2018-01-23"
"36.68","36.86","2018-01-22"
"36.68","36.86","2018-01-20"
"36.7","36.88","2018-01-19"
"36.57","36.75","2018-01-18"
"36.68","36.86","2018-01-17"
"36.67","36.85","2018-01-16"
"36.81","36.99","2018-01-15"
"36.72","36.92","2018-01-13"
"36.61","36.79","2018-01-12"
"36.46","36.64","2018-01-11"
"36.42","36.6","2018-01-10"
"36.42","36.6","2018-01-09"
"36.42","36.6","2018-01-08"
"36.51","36.69","2018-01-06"
"36.51","36.69","2018-01-05"
"36.46","36.64","2018-01-04"
"36.51","36.69","2018-01-03"
"36.57","36.75","2018-01-02"
"36.46","36.64","2017-12-30"
"36.42","36.6","2017-12-29"
"36.43","36.61","2017-12-28"
"36.4","36.58","2017-12-27"
"36.38","36.56","2017-12-26"
"36.39","36.57","2017-12-25"
"36.4","36.59","2017-12-23"
"36.34","36.52","2017-12-22"
"36.3","36.48","2017-12-21"
"36.36","36.54","2017-12-20"
"36.36","36.54","2017-12-19"
"36.34","36.52","2017-12-18"
"36.34","36.52","2017-12-16"
"36.33","36.51","2017-12-15"
"36.34","36.52","2017-12-14"
"36.3","36.48","2017-12-13"
"36.32","36.5","2017-12-12"
"36.27","36.45","2017-12-11"
"36.19","36.37","2017-12-09"
"36.25","36.41","2017-12-08"
"36.24","36.42","2017-12-07"
"36.32","36.5","2017-12-06"
"36.34","36.52","2017-12-05"
"36.32","36.5","2017-12-04"
"36.37","36.55","2017-12-02"
"36.31","36.49","2017-12-01"
"36.36","36.54","2017-11-30"
"36.42","36.6","2017-11-29"
"36.42","36.6","2017-11-28"
"36.42","36.6","2017-11-27"
"36.42","36.6","2017-11-25"
"36.43","36.61","2017-11-24"
"36.42","36.6","2017-11-23"
"36.42","36.6","2017-11-22"
"36.38","36.56","2017-11-21"
"36.4","36.58","2017-11-20"
"36.44","36.62","2017-11-18"
"36.39","36.57","2017-11-17"
"36.37","36.55","2017-11-16"
"36.44","36.62","2017-11-15"
"36.37","36.55","2017-11-14"
"36.42","36.6","2017-11-13"
"36.4","36.58","2017-11-11"
"36.46","36.64","2017-11-10"
"36.47","36.65","2017-11-09"
"36.46","36.64","2017-11-08"
"36.48","36.66","2017-11-07"
"36.42","36.6","2017-11-06"
"36.4","36.58","2017-11-04"
"36.44","36.62","2017-11-03"
"36.46","36.64","2017-11-02"
"36.45","36.63","2017-11-01"
"36.37","36.55","2017-10-31"
"36.32","36.5","2017-10-30"
"36.34","36.52","2017-10-28"
"36.29","36.47","2017-10-27"
"36.31","36.49","2017-10-26"
"36.28","36.46","2017-10-25"
"36.32","36.5","2017-10-24"
"36.34","36.52","2017-10-23"
"36.34","36.52","2017-10-21"
"36.34","36.52","2017-10-20"
"36.34","36.52","2017-10-19"
"36.33","36.51","2017-10-18"
"36.38","36.56","2017-10-17"
"36.5","36.68","2017-10-16"
"36.56","36.74","2017-10-14"
"36.49","36.67","2017-10-13"
"36.51","36.69","2017-10-12"
"36.46","36.64","2017-10-11"
"36.47","36.65","2017-10-10"
"36.43","36.61","2017-10-09"
"36.4","36.58","2017-10-07"
"36.35","36.53","2017-10-06"
"36.41","36.59","2017-10-05"
"36.37","36.55","2017-10-04"
"36.28","36.46","2017-10-03"
"36.3","36.48","2017-10-02"
"36.41","36.6","2017-09-30"
"36.41","36.58","2017-09-29"
"36.4","36.56","2017-09-28"
"36.41","36.6","2017-09-27"
"36.57","36.76","2017-09-26"
"36.51","36.7","2017-09-25"
"36.51","36.7","2017-09-23"
"36.48","36.67","2017-09-22"
"36.42","36.61","2017-09-21"
"36.61","36.8","2017-09-20"
"36.55","36.74","2017-09-19"
"36.61","36.800","2017-09-18"
"36.59","36.78","2017-09-16"
"36.58","36.78","2017-09-15"
"36.51","36.7","2017-09-14"
"36.57","36.76","2017-09-13"
"36.54","36.74","2017-09-12"
"36.78","36.98","2017-09-11"
"37.0","37.2","2017-09-09"
"37.11","37.31","2017-09-08"
"36.86","37.06","2017-09-07"
"36.87","37.07","2017-09-06"
"36.6","36.8","2017-09-05"
"36.6","36.85","2017-09-04"
"36.49","36.68","2017-09-02"
"36.46","36.65","2017-09-01"
"36.37","36.56","2017-08-31"
"36.39","36.58","2017-08-30"
"36.53","36.72","2017-08-29"
"36.32","36.5","2017-08-28"
"36.3","36.49","2017-08-26"
"36.22","36.4","2017-08-25"
"36.25","36.43","2017-08-24"
"36.24","36.42","2017-08-23"
"36.28","36.46","2017-08-22"
"36.3","36.48","2017-08-21"
"36.33","36.52","2017-08-19"
"36.24","36.42","2017-08-18"
"36.25","36.45","2017-08-17"
"36.14","36.32","2017-08-16"
"36.22","36.4","2017-08-15"
"36.31","36.49","2017-08-14"
"36.36","36.55","2017-08-12"
"36.36","36.54","2017-08-11"
"36.25","36.43","2017-08-10"
"36.16","36.34","2017-08-09"
"36.14","36.32","2017-08-08"
"36.17","36.35","2017-08-07"
"36.17","36.35","2017-08-05"
"36.22","36.4","2017-08-04"
"36.14","36.32","2017-08-03"
"36.13","36.32","2017-08-02"
"36.14","36.33","2017-08-01"
"36.18","36.36","2017-07-31"
"36.18","36.36","2017-07-29"
"36.14","36.32","2017-07-28"
"36.18","36.36","2017-07-27"
"36.07","36.25","2017-07-26"
"36.16","36.34","2017-07-25"
"36.2","36.38","2017-07-24"
"36.25","36.45","2017-07-22"
"36.22","36.4","2017-07-21"
"36.18","36.36","2017-07-20"
"36.21","36.39","2017-07-19"
"36.22","36.41","2017-07-18"
"36.22","36.41","2017-07-17"
"36.2","36.39","2017-07-15"
"36.15","36.33","2017-07-14"
"36.18","36.35","2017-07-13"
"36.14","36.32","2017-07-12"
"36.08","36.26","2017-07-11"
"36.06","36.22","2017-07-10"
"36.06","36.25","2017-07-08"
"36.1","36.27","2017-07-07"
"36.1","36.29","2017-07-06"
"36.1","36.29","2017-07-05"
"36.06","36.25","2017-07-04"
"36.14","36.32","2017-07-03"
"36.19","36.38","2017-07-01"
"36.17","36.36","2017-06-30"
"36.16","36.35","2017-06-29"
"36.2","36.39","2017-06-28"
"36.18","36.37","2017-06-27"
"36.15","36.34","2017-06-26"
"36.27","36.47","2017-06-24"
"36.27","36.47","2017-06-23"
"36.18","36.37","2017-06-22"
"36.14","36.32","2017-06-21"
"36.13","36.33","2017-06-20"
"36.16","36.35","2017-06-19"
"36.17","36.37","2017-06-17"
"36.16","36.35","2017-06-16"
"36.24","36.43","2017-06-15"
"36.22","36.41","2017-06-14"
"36.2","36.4","2017-06-13"
"36.23","36.43","2017-06-12"
"36.24","36.44","2017-06-10"
"36.26","36.45","2017-06-09"
"36.35","36.54","2017-06-08"
"36.35","36.54","2017-06-07"
"36.37","36.57","2017-06-06"
"36.32","36.52","2017-06-05"
"36.35","36.55","2017-06-03"
"36.21","36.41","2017-06-02"
"36.23","36.43","2017-06-01"
"36.18","36.38","2017-05-31"
"36.33","36.53","2017-05-30"
"36.38","36.57","2017-05-29"
"36.4","36.6","2017-05-27"
"36.37","36.57","2017-05-26"
"36.34","36.53","2017-05-25"
"36.33","36.52","2017-05-24"
"36.39","36.58","2017-05-23"
"36.42","36.61","2017-05-22"
"36.43","36.63","2017-05-20"
"36.41","36.6","2017-05-19"
"36.5","36.7","2017-05-18"
"36.43","36.63","2017-05-17"
"36.41","36.6","2017-05-16"
"36.43","36.62","2017-05-15"
"36.42","36.62","2017-05-13"
"36.4","36.6","2017-05-12"
"36.34","36.53","2017-05-11"
"36.36","36.56","2017-05-10"
"36.43","36.62","2017-05-09"
"36.44","36.63","2017-05-08"
"36.43","36.64","2017-05-06"
"36.4","36.6","2017-05-05"
"36.32","36.54","2017-05-04"
"36.54","36.72","2017-05-03"
"36.68","36.89","2017-04-29"
"36.63","36.83","2017-04-28"
"36.54","36.73","2017-04-27"
"36.54","36.73","2017-04-26"
"36.54","36.73","2017-04-25"
"36.6","36.79","2017-04-24"
"36.67","36.91","2017-04-22"
"36.6","36.8","2017-04-21"
"36.57","36.78","2017-04-20"
"36.57","36.8","2017-04-19"
"36.67","36.9","2017-04-18"
"36.69","36.95","2017-04-17"
"37.05","37.4","2017-04-15"
"36.98","37.23","2017-04-14"
"36.68","36.87","2017-04-13"
"36.54","36.72","2017-04-12"
"36.44","36.62","2017-04-11"
"36.44","36.63","2017-04-10"
"36.39","36.58","2017-04-08"
"36.4","36.58","2017-04-07"
"36.36","36.56","2017-04-06"
"36.36","36.54","2017-04-05"
"36.39","36.57","2017-04-04"
"36.32","36.5","2017-04-03"
"36.37","36.55","2017-04-01"
"36.35","36.53","2017-03-31"
"36.42","36.6","2017-03-30"
"36.43","36.61","2017-03-29"
"36.46","36.64","2017-03-28"
"36.48","36.65","2017-03-27"
"36.45","36.67","2017-03-25"
"36.45","36.64","2017-03-24"
"36.46","36.64","2017-03-23"
"36.55","36.7","2017-03-22"
"36.45","36.65","2017-03-21"
"36.54","36.77","2017-03-20"
"36.6","36.8","2017-03-18"
"36.7","36.82","2017-03-17"
"36.62","36.84","2017-03-16"
"36.45","36.68","2017-03-15"
"36.47","36.69","2017-03-14"
"36.48","36.7","2017-03-13"
"36.45","36.68","2017-03-11"
"36.36","36.58","2017-03-10"
"36.39","36.61","2017-03-09"
"36.45","36.65","2017-03-08"
"36.52","36.76","2017-03-07"
"36.6","36.83","2017-03-06"
"36.67","36.92","2017-03-04"
"36.6","36.82","2017-03-03"
"36.7","36.94","2017-03-02"
"36.67","36.93","2017-03-01"
"36.65","36.9","2017-02-28"
"36.7","36.95","2017-02-27"
"36.75","37.05","2017-02-25"
"36.77","37.03","2017-02-24"
"36.7","36.95","2017-02-23"
"36.7","36.95","2017-02-22"
"36.65","36.93","2017-02-21"
"36.7","36.97","2017-02-20"
"36.78","37.05","2017-02-18"
"36.72","37.02","2017-02-17"
"36.77","37.07","2017-02-16"
"36.67","36.97","2017-02-15"
"36.67","36.97","2017-02-14"
"36.67","36.97","2017-02-13"
"36.75","37.08","2017-02-11"
"36.72","37.02","2017-02-10"
"36.97","37.27","2017-02-09"
"36.78","37.08","2017-02-08"
"36.55","36.95","2017-02-07"
"36.4","37.2","2017-02-06"
"37.3","37.7","2017-02-04"
"37.35","37.75","2017-02-03"
"37.45","37.85","2017-02-02"
"36.6","37.1","2017-02-01"
"36.55","36.95","2017-01-25"
"36.58","36.93","2017-01-24"
"36.5","36.83","2017-01-23"
"36.4","36.7","2017-01-21"
"36.36","36.65","2017-01-20"
"36.36","36.63","2017-01-19"
"36.45","36.73","2017-01-18"
"36.48","36.75","2017-01-17"
"36.48","36.75","2017-01-16"
"36.45","36.76","2017-01-14"
"36.4","36.7","2017-01-13"
"36.48","36.8","2017-01-12"
"36.35","36.62","2017-01-11"
"36.34","36.61","2017-01-10"
"36.32","36.6","2017-01-09"
"36.35","36.63","2017-01-07"
"36.35","36.63","2017-01-06"
"36.35","36.65","2017-01-05"
"36.2","36.48","2017-01-04"
"36.05","36.45","2017-01-03"
"36.0","36.5","2017-01-02"
"36.0","36.5","2016-12-31"
"35.9","36.5","2016-12-30"
"36.1","36.45","2016-12-29"
"36.1","36.45","2016-12-28"
"36.1","36.47","2016-12-27"
"36.0","36.42","2016-12-26"
"36.0","36.45","2016-12-24"
"36.0","36.35","2016-12-23"
"35.95","36.35","2016-12-22"
"36.1","36.59","2016-12-21"
"36.0","36.5","2016-12-20"
"36.05","36.52","2016-12-19"
"35.85","36.3","2016-12-17"
"35.7","36.2","2016-12-16"
"35.85","36.35","2016-12-15"
"36.1","36.6","2016-12-14"
"36.1","36.5","2016-12-13"
"36.0","36.42","2016-12-12"
"35.85","36.25","2016-12-10"
"35.9","36.3","2016-12-09"
"36.15","36.5","2016-12-08"
"36.05","36.45","2016-12-07"
"36.25","36.65","2016-12-06"
"36.12","36.35","2016-12-05"
"36.02","36.35","2016-12-03"
"35.95","36.2","2016-12-02"
"35.65","35.84","2016-12-01"
"35.64","35.81","2016-11-30"
"35.65","35.82","2016-11-29"
"35.65","35.83","2016-11-28"
"35.45","35.65","2016-11-26"
"35.49","35.64","2016-11-25"
"35.45","35.63","2016-11-24"
"35.68","35.82","2016-11-23"
"35.74","35.88","2016-11-22"
"35.69","35.85","2016-11-21"
"35.6","35.85","2016-11-19"
"35.6","35.8","2016-11-18"
"35.77","35.97","2016-11-17"
"35.75","36.0","2016-11-16"
"35.75","36.05","2016-11-15"
"35.7","35.95","2016-11-14"
"35.55","35.9","2016-11-12"
"35.9","36.15","2016-11-11"
"36.2","36.55","2016-11-10"
"36.5","37.2","2016-11-09"
"35.9","36.3","2016-11-08"
"35.9","36.3","2016-11-07"
"36.05","36.55","2016-11-05"
"35.95","36.4","2016-11-04"
"35.95","36.45","2016-11-03"
"36.2","36.65","2016-11-02"
"35.75","35.95","2016-11-01"
"35.64","35.84","2016-10-31"
"35.66","35.86","2016-10-29"
"35.58","35.78","2016-10-28"
"35.58","35.78","2016-10-27"
"35.58","35.78","2016-10-26"
"35.56","35.76","2016-10-25"
"35.5","35.7","2016-10-24"
"35.5","35.7","2016-10-22"
"35.47","35.67","2016-10-21"
"35.54","35.74","2016-10-20"
"35.53","35.73","2016-10-19"
"35.47","35.67","2016-10-18"
"35.45","35.66","2016-10-17"
"35.43","35.65","2016-10-15"
"35.43","35.65","2016-10-14"
"35.45","35.67","2016-10-13"
"35.42","35.64","2016-10-12"
"35.5","35.72","2016-10-11"
"35.52","35.77","2016-10-10"
"35.3","35.53","2016-10-08"
"35.27","35.5","2016-10-07"
"35.28","35.5","2016-10-06"
"35.3","35.52","2016-10-05"
"35.85","36.05","2016-10-04"
"35.91","36.11","2016-10-03"
"35.96","36.16","2016-10-01"
"35.98","36.18","2016-09-30"
"35.93","36.13","2016-09-29"
"35.93","36.13","2016-09-28"
"36.06","36.26","2016-09-27"
"36.09","36.3","2016-09-26"
"36.15","36.38","2016-09-24"
"36.15","36.38","2016-09-23"
"36.17","36.38","2016-09-22"
"36.1","36.31","2016-09-21"
"36.05","36.26","2016-09-20"
"36.03","36.24","2016-09-19"
"36.0","36.2","2016-09-17"
"35.99","36.19","2016-09-16"
"36.1","36.3","2016-09-15"
"36.07","36.28","2016-09-14"
"36.12","36.33","2016-09-13"
"36.11","36.31","2016-09-12"
"36.1","36.34","2016-09-10"
"36.23","36.43","2016-09-09"
"36.35","36.55","2016-09-08"
"36.35","36.59","2016-09-07"
"36.19","36.39","2016-09-06"
"36.18","36.38","2016-09-05"
"36.25","36.5","2016-09-03"
"36.05","36.3","2016-09-02"
"35.98","36.2","2016-09-01"
"36.18","36.39","2016-08-31"
"36.29","36.49","2016-08-30"
"36.29","36.5","2016-08-29"
"36.35","36.55","2016-08-27"
"36.35","36.55","2016-08-26"
"36.33","36.54","2016-08-25"
"36.4","36.6","2016-08-24"
"36.45","36.65","2016-08-23"
"36.38","36.59","2016-08-22"
"36.51","36.72","2016-08-20"
"36.51","36.72","2016-08-19"
"36.56","36.77","2016-08-18"
"36.5","36.71","2016-08-17"
"36.59","36.79","2016-08-16"
"36.51","36.72","2016-08-15"
"36.4","36.63","2016-08-13"
"36.47","36.68","2016-08-12"
"36.5","36.7","2016-08-11"
"36.58","36.79","2016-08-10"
"36.4","36.62","2016-08-09"
"36.35","36.6","2016-08-08"
"36.35","36.6","2016-08-06"
"36.71","36.95","2016-08-05"
"36.61","36.86","2016-08-04"
"36.74","36.99","2016-08-03"
"36.61","36.86","2016-08-02"
"36.49","36.74","2016-08-01"
"36.54","36.79","2016-07-30"
"36.43","36.67","2016-07-29"
"36.47","36.72","2016-07-28"
"36.27","36.52","2016-07-27"
"36.32","36.56","2016-07-26"
"36.28","36.53","2016-07-25"
"36.39","36.65","2016-07-23"
"36.39","36.65","2016-07-22"
"36.36","36.64","2016-07-21"
"36.45","36.75","2016-07-20"
"36.47","36.8","2016-07-19"
"36.55","36.9","2016-07-18"
"36.7","37.05","2016-07-16"
"36.52","36.89","2016-07-15"
"36.46","36.86","2016-07-14"
"36.65","37.05","2016-07-13"
"36.8","37.35","2016-07-12"
"36.95","37.5","2016-07-11"
"36.9","37.7","2016-07-09"
"36.5","37.2","2016-07-08"
"36.6","37.5","2016-07-07"
"38.6","39.8","2016-07-06"
"36.35","36.85","2016-07-05"
"36.45","37.0","2016-07-04"
"35.49","35.79","2016-07-02"
"35.34","35.59","2016-07-01"
"34.99","35.24","2016-06-30"
"34.98","35.23","2016-06-29"
"34.69","35.04","2016-06-28"
"34.85","35.35","2016-06-27"
"34.65","35.15","2016-06-25"
"34.55","35.05","2016-06-24"
"33.81","34.11","2016-06-23"
"33.8","34.01","2016-06-22"
"34.14","34.36","2016-06-21"
"34.17","34.47","2016-06-20"
"34.35","34.65","2016-06-18"
"34.08","34.39","2016-06-17"
"34.51","34.83","2016-06-16"
"34.04","34.29","2016-06-15"
"33.95","34.2","2016-06-14"
"33.99","34.24","2016-06-13"
"33.83","34.08","2016-06-11"
"33.7","33.95","2016-06-10"
"33.57","33.82","2016-06-09"
"33.43","33.67","2016-06-08"
"33.38","33.62","2016-06-07"
"33.42","33.67","2016-06-06"
"33.42","33.67","2016-06-04"
"33.16","33.4","2016-06-03"
"33.25","33.5","2016-06-02"
"33.21","33.45","2016-06-01"
"33.12","33.36","2016-05-31"
"33.09","33.35","2016-05-30"
"33.14","33.39","2016-05-28"
"33.16","33.4","2016-05-27"
"33.27","33.5","2016-05-26"
"33.19","33.44","2016-05-25"
"33.51","33.73","2016-05-24"
"33.7","33.94","2016-05-23"
"33.77","34.0","2016-05-21"
"33.78","34.01","2016-05-20"
"33.75","33.98","2016-05-19"
"33.92","34.16","2016-05-18"
"33.94","34.18","2016-05-17"
"34.01","34.24","2016-05-16"
"33.92","34.12","2016-05-14"
"33.94","34.14","2016-05-13"
"33.82","34.02","2016-05-12"
"33.83","34.05","2016-05-11"
"33.68","33.9","2016-05-10"
"33.85","34.05","2016-05-09"
"34.0","34.24","2016-05-07"
"33.84","34.05","2016-05-06"
"33.74","33.95","2016-05-05"
"33.83","34.03","2016-05-04"
"33.95","34.35","2016-05-03"
"33.95","34.35","2016-05-02"
"33.95","34.3","2016-04-30"
"33.69","33.9","2016-04-29"
"33.28","33.54","2016-04-28"
"33.15","33.35","2016-04-27"
"33.08","33.33","2016-04-26"
"33.1","33.35","2016-04-25"
"33.14","33.39","2016-04-23"
"33.22","33.47","2016-04-22"
"33.28","33.5","2016-04-21"
"33.22","33.45","2016-04-20"
"33.12","33.37","2016-04-19"
"33.15","33.4","2016-04-18"
"33.15","33.4","2016-04-16"
"33.05","33.3","2016-04-15"
"33.13","33.38","2016-04-14"
"33.29","33.54","2016-04-13"
"33.38","33.63","2016-04-12"
"33.2","33.43","2016-04-11"
"33.05","33.3","2016-04-09"
"33.03","33.28","2016-04-08"
"33.08","33.34","2016-04-07"
"33.0","33.24","2016-04-06"
"33.09","33.34","2016-04-05"
"33.0","33.24","2016-04-04"
"33.03","33.28","2016-04-02"
"33.07","33.32","2016-04-01"
"33.07","33.32","2016-03-31"
"33.11","33.35","2016-03-30"
"33.04","33.29","2016-03-29"
"33.09","33.34","2016-03-28"
"33.18","33.43","2016-03-26"
"33.16","33.4","2016-03-25"
"33.22","33.46","2016-03-24"
"33.4","33.64","2016-03-23"
"33.52","33.75","2016-03-22"
"33.48","33.72","2016-03-21"
"33.65","33.9","2016-03-19"
"33.69","33.91","2016-03-18"
"33.66","33.93","2016-03-17"
"33.42","33.69","2016-03-16"
"33.47","33.75","2016-03-15"
"33.69","33.96","2016-03-14"
"33.75","34.0","2016-03-12"
"33.75","34.03","2016-03-11"
"33.55","33.8","2016-03-10"
"33.72","33.97","2016-03-09"
"33.93","34.18","2016-03-08"
"33.77","34.02","2016-03-07"
"33.75","34.0","2016-03-05"
"33.85","34.1","2016-03-04"
"33.36","33.61","2016-03-03"
"33.32","33.58","2016-03-02"
"33.35","33.63","2016-03-01"
"33.34","33.59","2016-02-29"
"33.31","33.56","2016-02-27"
"33.35","33.62","2016-02-26"
"33.4","33.65","2016-02-25"
"33.4","33.66","2016-02-24"
"33.25","33.5","2016-02-23"
"33.15","33.42","2016-02-22"
"33.35","33.65","2016-02-20"
"33.1","33.65","2016-02-19"
"33.15","33.5","2016-02-18"
"33.35","33.8","2016-02-17"
"33.45","33.8","2016-02-16"
"33.6","34.0","2016-02-15"
"33.5","34.4","2016-02-13"
"33.5","34.4","2016-02-12"
"33.14","33.44","2016-02-11"
"33.14","33.44","2016-02-06"
"33.14","33.44","2016-02-05"
"32.93","33.2","2016-02-04"
"32.78","33.05","2016-02-03"
"32.73","33.0","2016-02-02"
"32.69","32.95","2016-02-01"
"32.63","32.9","2016-01-30"
"32.64","32.91","2016-01-29"
"32.68","32.94","2016-01-28"
"32.68","32.95","2016-01-27"
"32.66","32.92","2016-01-26"
"32.64","32.91","2016-01-25"
"32.64","32.91","2016-01-23"
"32.64","32.9","2016-01-22"
"32.64","32.9","2016-01-21"
"32.58","32.84","2016-01-20"
"32.6","32.86","2016-01-19"
"32.61","32.87","2016-01-18"
"32.66","32.92","2016-01-16"
"32.62","32.88","2016-01-15"
"32.65","32.91","2016-01-14"
"32.63","32.89","2016-01-13"
"32.8","33.1","2016-01-12"
"32.85","33.15","2016-01-11"
"32.8","33.1","2016-01-09"
"32.8","33.1","2016-01-08"
"32.74","33.02","2016-01-07"
"32.61","32.89","2016-01-06"
"32.64","32.92","2016-01-05"
"32.67","32.92","2016-01-04"
"32.45","32.9","2016-01-02"
"32.45","32.9","2016-01-01"
"32.35","32.8","2015-12-31"
"32.32","32.75","2015-12-30"
"32.47","32.87","2015-12-29"
"32.75","33.05","2015-12-28"
"32.8","33.08","2015-12-26"
"32.81","33.09","2015-12-25"
"32.8","33.08","2015-12-24"
"32.78","33.05","2015-12-23"
"32.82","33.09","2015-12-22"
"32.81","33.08","2015-12-21"
"32.8","33.05","2015-12-19"
"32.71","32.99","2015-12-18"
"32.79","33.06","2015-12-17"
"32.83","33.08","2015-12-16"
"32.8","33.05","2015-12-15"
"32.87","33.12","2015-12-14"
"32.94","33.19","2015-12-12"
"32.89","33.14","2015-12-11"
"32.95","33.2","2015-12-10"
"33.0","33.25","2015-12-09"
"32.95","33.2","2015-12-08"
"32.99","33.24","2015-12-07"
"32.98","33.22","2015-12-05"
"32.78","33.02","2015-12-04"
"32.72","32.96","2015-12-03"
"32.87","33.11","2015-12-02"
"32.92","33.16","2015-12-01"
"32.86","33.1","2015-11-30"
"32.94","33.21","2015-11-28"
"33.04","33.28","2015-11-27"
"33.06","33.3","2015-11-26"
"33.06","33.3","2015-11-25"
"33.05","33.3","2015-11-24"
"33.08","33.32","2015-11-23"
"33.17","33.4","2015-11-21"
"33.2","33.43","2015-11-20"
"33.14","33.37","2015-11-19"
"33.08","33.31","2015-11-18"
"33.22","33.45","2015-11-17"
"33.26","33.49","2015-11-16"
"33.14","33.36","2015-11-14"
"33.15","33.37","2015-11-13"
"33.23","33.45","2015-11-12"
"33.24","33.46","2015-11-11"
"33.25","33.47","2015-11-10"
"33.22","33.44","2015-11-09"
"33.15","33.38","2015-11-07"
"33.22","33.45","2015-11-06"
"33.15","33.38","2015-11-05"
"33.33","33.56","2015-11-04"
"33.53","33.75","2015-11-03"
"33.56","33.78","2015-11-02"
"33.55","33.78","2015-10-31"
"33.57","33.8","2015-10-30"
"33.65","33.87","2015-10-29"
"33.73","33.95","2015-10-28"
"33.73","33.95","2015-10-27"
"33.72","33.94","2015-10-26"
"33.71","33.96","2015-10-24"
"33.78","34.0","2015-10-23"
"33.74","33.96","2015-10-22"
"33.76","33.98","2015-10-21"
"33.75","33.97","2015-10-20"
"33.76","33.98","2015-10-19"
"33.86","34.1","2015-10-17"
"33.89","34.12","2015-10-16"
"33.94","34.17","2015-10-15"
"33.87","34.09","2015-10-14"
"33.75","33.97","2015-10-13"
"33.81","34.04","2015-10-12"
"33.74","33.96","2015-10-10"
"33.74","33.96","2015-10-09"
"33.65","33.87","2015-10-08"
"33.73","33.95","2015-10-07"
"33.68","33.9","2015-10-06"
"33.71","33.93","2015-10-05"
"33.72","33.97","2015-10-03"
"33.6","33.82","2015-10-02"
"33.62","33.85","2015-10-01"
"33.67","33.9","2015-09-30"
"33.66","33.88","2015-09-29"
"33.81","34.03","2015-09-28"
"33.9","34.15","2015-09-26"
"33.95","34.17","2015-09-25"
"33.9","34.11","2015-09-24"
"33.83","34.06","2015-09-23"
"33.96","34.18","2015-09-22"
"34.02","34.25","2015-09-21"
"34.08","34.3","2015-09-19"
"34.05","34.27","2015-09-18"
"33.98","34.18","2015-09-17"
"33.85","34.08","2015-09-16"
"33.87","34.09","2015-09-15"
"33.88","34.08","2015-09-14"
"33.9","34.15","2015-09-12"
"33.93","34.13","2015-09-11"
"33.9","34.1","2015-09-10"
"33.92","34.2","2015-09-09"
"33.88","34.13","2015-09-08"
"33.92","34.18","2015-09-07"
"33.89","34.21","2015-09-05"
"33.86","34.18","2015-09-04"
"33.97","34.25","2015-09-03"
"34.15","34.45","2015-09-02"
"34.1","34.45","2015-09-01"
"34.0","34.4","2015-08-31"
"34.05","34.6","2015-08-29"
"33.98","34.43","2015-08-28"
"33.75","34.25","2015-08-27"
"34.0","34.55","2015-08-26"
"34.6","35.15","2015-08-25"
"34.75","35.3","2015-08-24"
"34.7","35.6","2015-08-22"
"34.4","35.3","2015-08-21"
"33.9","34.55","2015-08-20"
"33.9","34.6","2015-08-19"
"33.85","34.15","2015-08-18"
"33.85","34.15","2015-08-17"
"33.7","34.25","2015-08-15"
"33.6","34.4","2015-08-14"
"34.1","34.8","2015-08-13"
"33.4","33.75","2015-08-12"
"32.92","33.06","2015-08-11"
"32.82","32.92","2015-08-10"
"32.79","32.91","2015-08-08"
"32.79","32.91","2015-08-07"
"32.75","32.87","2015-08-06"
"32.82","32.94","2015-08-05"
"32.86","32.96","2015-08-04"
"32.94","33.04","2015-08-03"
"32.98","33.12","2015-08-01"
"32.94","33.04","2015-07-31"
"32.93","33.03","2015-07-30"
"32.98","33.08","2015-07-29"
"32.94","33.06","2015-07-28"
"32.97","33.1","2015-07-27"
"32.98","33.18","2015-07-25"
"32.88","33.06","2015-07-24"
"33.05","33.2","2015-07-23"
"32.92","33.1","2015-07-22"
"32.93","33.18","2015-07-21"
"32.9","33.2","2015-07-20"
"33.1","33.35","2015-07-18"
"33.25","33.5","2015-07-17"
"32.85","33.05","2015-07-16"
"33.68","33.76","2015-07-15"
"33.87","33.94","2015-07-14"
"33.93","34.0","2015-07-13"
"33.97","34.06","2015-07-11"
"33.95","34.04","2015-07-10"
"33.98","34.06","2015-07-09"
"34.06","34.13","2015-07-08"
"34.22","34.3","2015-07-07"
"34.25","34.32","2015-07-06"
"34.28","34.35","2015-07-04"
"34.27","34.34","2015-07-03"
"34.28","34.36","2015-07-02"
"34.35","34.43","2015-07-01"
"34.38","34.46","2015-06-30"
"34.37","34.45","2015-06-29"
"34.35","34.43","2015-06-27"
"34.33","34.4","2015-06-26"
"34.34","34.4","2015-06-25"
"34.4","34.46","2015-06-24"
"34.54","34.6","2015-06-23"
"34.63","34.69","2015-06-22"
"34.67","34.75","2015-06-20"
"34.67","34.75","2015-06-19"
"34.68","34.74","2015-06-18"
"34.65","34.71","2015-06-17"
"34.68","34.74","2015-06-16"
"34.66","34.72","2015-06-15"
"34.68","34.74","2015-06-13"
"34.67","34.73","2015-06-12"
"34.67","34.73","2015-06-11"
"34.68","34.74","2015-06-10"
"34.7","34.76","2015-06-09"
"34.72","34.78","2015-06-08"
"34.75","34.81","2015-06-06"
"34.76","34.82","2015-06-05"
"34.82","34.88","2015-06-04"
"34.88","34.94","2015-06-03"
"34.86","34.92","2015-06-02"
"34.87","34.93","2015-06-01"
"34.88","34.95","2015-05-30"
"34.88","34.94","2015-05-29"
"34.85","34.91","2015-05-28"
"34.85","34.91","2015-05-27"
"34.88","34.94","2015-05-26"
"34.92","34.98","2015-05-25"
"34.93","35.0","2015-05-23"
"34.95","35.01","2015-05-22"
"34.96","35.02","2015-05-21"
"34.95","35.01","2015-05-20"
"34.97","35.04","2015-05-19"
"35.03","35.09","2015-05-18"
"35.04","35.11","2015-05-16"
"35.02","35.08","2015-05-15"
"35.04","35.1","2015-05-14"
"34.97","35.04","2015-05-13"
"34.97","35.05","2015-05-12"
"34.98","35.05","2015-05-11"
"34.98","35.05","2015-05-09"
"34.99","35.04","2015-05-08"
"34.97","35.03","2015-05-07"
"34.98","35.05","2015-05-06"
"34.95","35.02","2015-05-05"
"35.01","35.08","2015-05-04"
"35.01","35.13","2015-05-02"
"35.1","35.22","2015-04-30"
"35.13","35.24","2015-04-29"
"35.08","35.2","2015-04-28"
"34.98","35.07","2015-04-27"
"34.98","35.07","2015-04-25"
"35.02","35.11","2015-04-24"
"34.99","35.08","2015-04-23"
"35.05","35.14","2015-04-22"
"35.01","35.1","2015-04-21"
"35.04","35.13","2015-04-20"
"35.11","35.2","2015-04-18"
"35.11","35.2","2015-04-17"
"35.14","35.23","2015-04-16"
"35.1","35.19","2015-04-15"
"35.1","35.19","2015-04-14"
"35.14","35.23","2015-04-13"
"35.17","35.26","2015-04-11"
"35.15","35.24","2015-04-10"
"35.14","35.23","2015-04-09"
"35.16","35.25","2015-04-08"
"35.19","35.28","2015-04-07"
"35.28","35.37","2015-04-06"
"35.21","35.3","2015-04-04"
"35.17","35.26","2015-04-03"
"35.18","35.27","2015-04-02"
"35.13","35.2","2015-04-01"
"35.09","35.17","2015-03-31"
"35.16","35.24","2015-03-30"
"35.23","35.33","2015-03-28"
"35.24","35.33","2015-03-27"
"35.31","35.4","2015-03-26"
"35.24","35.33","2015-03-25"
"35.27","35.36","2015-03-24"
"35.27","35.36","2015-03-23"
"35.27","35.38","2015-03-21"
"35.25","35.34","2015-03-20"
"35.24","35.33","2015-03-19"
"35.19","35.28","2015-03-18"
"35.22","35.31","2015-03-17"
"35.29","35.34","2015-03-16"
"35.32","35.42","2015-03-14"
"35.25","35.34","2015-03-13"
"35.21","35.3","2015-03-12"
"35.19","35.28","2015-03-11"
"35.18","35.28","2015-03-10"
"35.21","35.31","2015-03-09"
"35.13","35.25","2015-03-07"
"35.3","35.39","2015-03-06"
"35.29","35.38","2015-03-05"
"35.34","35.43","2015-03-04"
"35.36","35.45","2015-03-03"
"35.43","35.53","2015-03-02"
"35.45","35.7","2015-02-28"
"35.42","35.55","2015-02-27"
"35.6","35.69","2015-02-26"
"35.39","35.48","2015-02-25"
"35.28","35.37","2015-02-24"
"35.6","35.8","2015-02-16"
"35.35","35.47","2015-02-14"
"35.3","35.42","2015-02-13"
"35.24","35.33","2015-02-12"
"35.21","35.3","2015-02-11"
"35.21","35.3","2015-02-10"
"35.2","35.29","2015-02-09"
"35.11","35.2","2015-02-07"
"35.25","35.34","2015-02-06"
"35.23","35.32","2015-02-05"
"35.21","35.3","2015-02-04"
"35.27","35.38","2015-02-03"
"35.25","35.34","2015-02-02"
"35.36","35.45","2015-01-31"
"35.24","35.33","2015-01-30"
"35.32","35.41","2015-01-29"
"35.35","35.44","2015-01-28"
"35.33","35.42","2015-01-27"
"35.46","35.55","2015-01-26"
"35.6","35.69","2015-01-24"
"35.61","35.7","2015-01-23"
"35.61","35.7","2015-01-22"
"35.73","35.82","2015-01-21"
"35.47","35.56","2015-01-20"
"35.47","35.56","2015-01-19"
"35.51","35.6","2015-01-17"
"35.38","35.47","2015-01-16"
"35.21","35.3","2015-01-15"
"35.22","35.31","2015-01-14"
"35.27","35.36","2015-01-13"
"35.18","35.27","2015-01-12"
"35.18","35.27","2015-01-10"
"35.11","35.21","2015-01-09"
"35.13","35.22","2015-01-08"
"35.21","35.3","2015-01-07"
"35.19","35.26","2015-01-06"
"35.08","35.18","2015-01-05"
"34.9","35.2","2015-01-03"
"34.9","35.15","2015-01-02"
"34.95","35.15","2015-01-01"
"35.08","35.15","2014-12-31"
"35.03","35.13","2014-12-30"
"35.08","35.18","2014-12-29"
"35.13","35.21","2014-12-27"
"35.15","35.35","2014-12-26"
"35.06","35.11","2014-12-25"
"35.08","35.13","2014-12-24"
"35.06","35.16","2014-12-23"
"35.13","35.23","2014-12-22"
"35.19","35.26","2014-12-20"
"35.19","35.29","2014-12-19"
"35.21","35.36","2014-12-18"
"35.12","35.22","2014-12-17"
"35.15","35.28","2014-12-16"
"35.22","35.27","2014-12-15"
"35.22","35.29","2014-12-13"
"35.22","35.32","2014-12-12"
"35.15","35.25","2014-12-11"
"35.24","35.34","2014-12-10"
"35.12","35.22","2014-12-09"
"35.09","35.18","2014-12-08"
"35.07","35.15","2014-12-06"
"35.12","35.22","2014-12-05"
"35.12","35.24","2014-12-04"
"35.15","35.27","2014-12-03"
"35.15","35.27","2014-12-02"
"34.98","35.18","2014-12-01"
"34.98","35.08","2014-11-29"
"35.05","35.18","2014-11-28"
"35.21","35.27","2014-11-27"
"35.3","35.4","2014-11-26"
"35.32","35.44","2014-11-25"
"35.32","35.44","2014-11-24"
"35.36","35.44","2014-11-22"
"35.32","35.44","2014-11-21"
"35.28","35.4","2014-11-20"
"35.34","35.47","2014-11-19"
"35.34","35.48","2014-11-18"
"35.23","35.37","2014-11-17"
"35.26","35.35","2014-11-15"
"35.02","35.14","2014-11-14"
"35.04","35.16","2014-11-13"
"35.05","35.17","2014-11-12"
"34.98","35.08","2014-11-11"
"35.12","35.25","2014-11-10"
"35.12","35.24","2014-11-08"
"34.89","34.99","2014-11-07"
"34.9","35.0","2014-11-06"
"35.0","35.12","2014-11-05"
"35.3","35.42","2014-11-04"
"35.32","35.42","2014-11-03"
"35.35","35.43","2014-11-02"
"35.33","35.4","2014-11-01"
"35.29","35.41","2014-10-31"
"35.48","35.58","2014-10-30"
"35.64","35.69","2014-10-29"
"35.6","35.7","2014-10-28"
"35.64","35.69","2014-10-27"
"35.63","35.7","2014-10-25"
"35.63","35.73","2014-10-24"
"35.6","35.75","2014-10-23"
"35.72","35.84","2014-10-22"
"35.81","35.87","2014-10-21"
"35.74","35.86","2014-10-20"
"35.82","35.9","2014-10-18"
"35.77","35.91","2014-10-17"
"35.78","35.92","2014-10-16"
"35.65","35.77","2014-10-15"
"35.71","35.84","2014-10-14"
"35.7","35.84","2014-10-13"
"35.75","35.83","2014-10-11"
"35.7","35.82","2014-10-10"
"35.78","35.92","2014-10-09"
"35.72","35.8","2014-10-08"
"35.62","35.74","2014-10-07"
"35.56","35.7","2014-10-06"
"35.53","35.63","2014-10-05"
"35.49","35.59","2014-10-04"
"35.64","35.76","2014-10-03"
"35.68","35.78","2014-10-02"
"35.62","35.8","2014-10-01"
"35.68","35.82","2014-09-30"
"35.87","35.92","2014-09-29"
"35.89","35.96","2014-09-27"
"35.89","36.01","2014-09-26"
"35.84","35.94","2014-09-25"
"35.92","36.02","2014-09-24"
"35.94","36.07","2014-09-23"
"35.83","35.98","2014-09-22"
"36.01","36.09","2014-09-20"
"36.03","36.15","2014-09-19"
"35.88","36.02","2014-09-18"
"36.02","36.12","2014-09-17"
"36.03","36.13","2014-09-16"
"35.95","36.05","2014-09-15"
"35.85","35.95","2014-09-13"
"35.9","36.0","2014-09-12"
"35.99","36.05","2014-09-11"
"36.03","36.16","2014-09-10"
"36.13","36.25","2014-09-09"
"36.27","36.37","2014-09-08"
"36.25","36.35","2014-09-06"
"36.26","36.41","2014-09-05"
"36.32","36.42","2014-09-04"
"36.26","36.38","2014-09-03"
"36.42","36.5","2014-08-30"
"36.42","36.52","2014-08-29"
"36.42","36.55","2014-08-28"
"36.38","36.5","2014-08-27"
"36.38","36.5","2014-08-26"
"36.34","36.44","2014-08-25"
"36.44","36.52","2014-08-23"
"36.42","36.54","2014-08-22"
"36.38","36.5","2014-08-21"
"36.51","36.57","2014-08-20"
"36.54","36.64","2014-08-19"
"36.55","36.65","2014-08-18"
"36.55","36.65","2014-08-16"
"36.6","36.72","2014-08-15"
"36.62","36.75","2014-08-14"
"36.62","36.69","2014-08-13"
"36.63","36.75","2014-08-12"
"36.62","36.74","2014-08-11"
"36.63","36.73","2014-08-09"
"36.65","36.79","2014-08-08"
"36.6","36.73","2014-08-07"
"36.52","36.64","2014-08-06"
"36.55","36.65","2014-08-05"
"36.52","36.64","2014-08-04"
"36.55","36.7","2014-08-02"
"36.5","36.63","2014-08-01"
"36.57","36.71","2014-07-31"
"36.58","36.73","2014-07-30"
"36.65","36.75","2014-07-29"
"36.63","36.75","2014-07-28"
"36.68","36.8","2014-07-26"
"36.61","36.72","2014-07-25"
"36.63","36.75","2014-07-24"
"36.67","36.8","2014-07-23"
"36.67","36.75","2014-07-22"
"36.76","36.83","2014-07-21"
"36.75","36.85","2014-07-19"
"36.74","36.86","2014-07-18"
"36.69","36.83","2014-07-17"
"36.66","36.8","2014-07-16"
"36.73","36.88","2014-07-15"
"36.68","36.85","2014-07-14"
"36.88","36.97","2014-07-12"
"36.89","36.96","2014-07-11"
"36.85","37.05","2014-07-10"
"36.75","36.88","2014-07-09"
"36.71","36.85","2014-07-08"
"36.64","36.78","2014-07-07"
"36.72","36.82","2014-07-05"
"36.7","36.84","2014-07-04"
"36.79","36.91","2014-07-03"
"36.8","36.95","2014-07-02"
"36.81","36.95","2014-07-01"
"36.72","36.84","2014-06-28"
"36.72","36.85","2014-06-27"
"36.65","36.8","2014-06-26"
"36.71","36.85","2014-06-25"
"36.77","36.92","2014-06-24"
"36.65","36.82","2014-06-23"
"36.65","36.9","2014-06-21"
"36.75","37.0","2014-06-20"
"36.72","36.92","2014-06-19"
"36.48","36.6","2014-06-18"
"36.4","36.55","2014-06-17"
"36.57","36.74","2014-06-16"
"36.72","36.82","2014-06-14"
"36.69","36.84","2014-06-13"
"36.58","36.73","2014-06-12"
"36.54","36.7","2014-06-11"
"36.27","36.47","2014-06-10"
"36.27","36.4","2014-06-09"
"36.24","36.34","2014-06-07"
"36.23","36.35","2014-06-06"
"35.92","36.05","2014-06-05"
"35.97","36.12","2014-06-04"
"36.19","36.25","2014-06-03"
"36.24","36.34","2014-06-02"
"36.36","36.46","2014-05-31"
"36.43","36.53","2014-05-30"
"36.38","36.48","2014-05-29"
"36.45","36.55","2014-05-28"
"36.57","36.73","2014-05-27"
"36.65","36.78","2014-05-26"
"36.65","36.85","2014-05-24"
"36.6","36.75","2014-05-23"
"36.42","36.62","2014-05-22"
"36.45","36.65","2014-05-21"
"37.0","37.2","2014-05-20"
"36.8","37.1","2014-05-19"
"36.4","36.6","2014-05-18"
"36.45","36.65","2014-05-17"
"36.42","36.54","2014-05-16"
"36.3","36.55","2014-05-15"
"36.25","36.75","2014-05-14"
"35.65","35.75","2014-05-13"
"35.62","35.77","2014-05-12"
"35.51","35.61","2014-05-10"
"35.4","35.5","2014-05-09"
"35.39","35.52","2014-05-08"
"35.45","35.51","2014-05-07"
"35.42","35.5","2014-05-06"
"35.54","35.61","2014-05-05"
"35.43","35.63","2014-05-03"
"35.33","35.48","2014-05-02"
"35.4","35.58","2014-04-30"
"35.39","35.46","2014-04-29"
"35.56","35.63","2014-04-28"
"35.57","35.67","2014-04-26"
"35.46","35.61","2014-04-25"
"35.34","35.42","2014-04-24"
"35.35","35.4","2014-04-23"
"35.35","35.43","2014-04-22"
"35.34","35.44","2014-04-21"
"35.43","35.5","2014-04-19"
"35.41","35.45","2014-04-18"
"35.45","35.51","2014-04-17"
"35.45","35.54","2014-04-16"
"35.42","35.67","2014-04-15"
"35.82","35.92","2014-04-14"
"35.75","35.81","2014-04-12"
"35.73","35.81","2014-04-11"
"35.78","35.92","2014-04-10"
"35.68","35.78","2014-04-09"
"35.7","35.76","2014-04-08"
"35.57","35.65","2014-04-07"
"35.57","35.67","2014-04-06"
"35.55","35.65","2014-04-05"
"35.45","35.65","2014-04-04"
"35.38","35.42","2014-04-03"
"35.37","35.5","2014-04-02"
"35.38","35.45","2014-04-01"
"35.5","35.57","2014-03-31"
"35.52","35.59","2014-03-29"
"35.52","35.6","2014-03-28"
"35.5","35.57","2014-03-27"
"35.7","35.77","2014-03-26"
"35.7","35.78","2014-03-25"
"35.75","35.92","2014-03-24"
"35.98","36.06","2014-03-22"
"35.99","36.06","2014-03-21"
"35.91","35.99","2014-03-20"
"36.1","36.18","2014-03-19"
"36.17","36.27","2014-03-18"
"36.31","36.41","2014-03-17"
"36.36","36.56","2014-03-16"
"36.31","36.43","2014-03-15"
"36.22","36.28","2014-03-14"
"36.3","36.35","2014-03-13"
"36.18","36.27","2014-03-12"
"36.14","36.21","2014-03-11"
"36.07","36.17","2014-03-10"
"36.1","36.18","2014-03-08"
"36.16","36.26","2014-03-07"
"36.04","36.14","2014-03-06"
"36.09","36.14","2014-03-05"
"36.07","36.23","2014-03-04"
"36.24","36.36","2014-03-03"
"36.08","36.18","2014-03-01"
"36.12","36.17","2014-02-28"
"36.1","36.25","2014-02-27"
"36.36","36.43","2014-02-26"
"36.3","36.43","2014-02-25"
"36.28","36.4","2014-02-24"
"36.11","36.21","2014-02-22"
"36.12","36.18","2014-02-21"
"36.03","36.18","2014-02-20"
"36.28","36.42","2014-02-19"
"36.4","36.55","2014-02-18"
"36.68","36.85","2014-02-17"
"36.1","36.25","2014-02-16"
"36.1","36.22","2014-02-15"
"35.89","36.19","2014-02-14"
"35.47","35.59","2014-02-13"
"35.49","35.63","2014-02-12"
"35.49","35.57","2014-02-11"
"35.4","35.48","2014-02-10"
"35.43","35.52","2014-02-09"
"35.4","35.5","2014-02-08"
"35.3","35.4","2014-02-07"
"35.27","35.42","2014-02-06"
"35.25","35.42","2014-02-05"
"35.2","35.45","2014-01-28"
"35.22","35.42","2014-01-27"
"35.1","35.24","2014-01-25"
"35.03","35.28","2014-01-24"
"34.91","35.06","2014-01-23"
"34.87","34.97","2014-01-22"
"34.97","35.07","2014-01-21"
"35.02","35.1","2014-01-20"
"35.14","35.2","2014-01-18"
"35.03","35.12","2014-01-17"
"34.97","35.05","2014-01-16"
"34.98","35.05","2014-01-15"
"35.15","35.24","2014-01-14"
"35.15","35.25","2014-01-13"
"35.17","35.27","2014-01-11"
"35.05","35.15","2014-01-10"
"35.02","35.12","2014-01-09"
"34.98","35.08","2014-01-08"
"35.15","35.25","2014-01-07"
"35.17","35.27","2014-01-06"
"35.1","35.25","2014-01-05"
"35.08","35.18","2014-01-04"
"35.02","35.1","2014-01-03"
"34.95","35.05","2014-01-02"
"34.7","34.95","2014-01-01"
